path,label,orig_split,group,split
data\raw\casting_data\casting_data\train\ok_front\cast_ok_0_1.jpeg,0,train,2505,val
data\raw\casting_data\casting_data\train\ok_front\cast_ok_0_1001.jpeg,0,train,2876,val
data\raw\casting_data\casting_data\train\ok_front\cast_ok_0_1002.jpeg,0,train,2877,train
data\raw\casting_data\casting_data\train\ok_front\cast_ok_0_1003.jpeg,0,train,2957,test
data\raw\casting_data\casting_data\train\ok_front\cast_ok_0_1005.jpeg,0,train,541,val
data\raw\casting_data\casting_data\train\ok_front\cast_ok_0_1009.jpeg,0,train,5,train
data\raw\casting_data\casting_data\train\ok_front\cast_ok_0_101.jpeg,0,train,6,train
data\raw\casting_data\casting_data\train\ok_front\cast_ok_0_1013.jpeg,0,train,2212,train
data\raw\casting_data\casting_data\train\ok_front\cast_ok_0_1016.jpeg,0,train,8,test
data\raw\casting_data\casting_data\train\ok_front\cast_ok_0_1019.jpeg,0,train,2879,train
data\raw\casting_data\casting_data\train\ok_front\cast_ok_0_102.jpeg,0,train,10,val
data\raw\casting_data\casting_data\train\ok_front\cast_ok_0_1020.jpeg,0,train,2880,test
data\raw\casting_data\casting_data\train\ok_front\cast_ok_0_1021.jpeg,0,train,2881,test
data\raw\casting_data\casting_data\train\ok_front\cast_ok_0_1022.jpeg,0,train,2882,train
data\raw\casting_data\casting_data\train\ok_front\cast_ok_0_1026.jpeg,0,train,2883,train
data\raw\casting_data\casting_data\train\ok_front\cast_ok_0_1028.jpeg,0,train,2884,train
data\raw\casting_data\casting_data\train\ok_front\cast_ok_0_1031.jpeg,0,train,2885,train
data\raw\casting_data\casting_data\train\ok_front\cast_ok_0_104.jpeg,0,train,17,train
data\raw\casting_data\casting_data\train\ok_front\cast_ok_0_1040.jpeg,0,train,2886,train
data\raw\casting_data\casting_data\train\ok_front\cast_ok_0_1041.jpeg,0,train,19,train
data\raw\casting_data\casting_data\train\ok_front\cast_ok_0_1050.jpeg,0,train,20,train
data\raw\casting_data\casting_data\train\ok_front\cast_ok_0_1057.jpeg,0,train,21,train
data\raw\casting_data\casting_data\train\ok_front\cast_ok_0_1062.jpeg,0,train,22,train
data\raw\casting_data\casting_data\train\ok_front\cast_ok_0_1066.jpeg,0,train,2887,val
data\raw\casting_data\casting_data\train\ok_front\cast_ok_0_1069.jpeg,0,train,2888,test
data\raw\casting_data\casting_data\train\ok_front\cast_ok_0_1077.jpeg,0,train,2889,train
data\raw\casting_data\casting_data\train\ok_front\cast_ok_0_108.jpeg,0,train,3563,train
data\raw\casting_data\casting_data\train\ok_front\cast_ok_0_1088.jpeg,0,train,2391,train
data\raw\casting_data\casting_data\train\ok_front\cast_ok_0_1092.jpeg,0,train,2902,train
data\raw\casting_data\casting_data\train\ok_front\cast_ok_0_1093.jpeg,0,train,3098,train
data\raw\casting_data\casting_data\train\ok_front\cast_ok_0_1095.jpeg,0,train,2042,train
data\raw\casting_data\casting_data\train\ok_front\cast_ok_0_1096.jpeg,0,train,1930,val
data\raw\casting_data\casting_data\train\ok_front\cast_ok_0_1099.jpeg,0,train,2399,train
data\raw\casting_data\casting_data\train\ok_front\cast_ok_0_1103.jpeg,0,train,33,train
data\raw\casting_data\casting_data\train\ok_front\cast_ok_0_1116.jpeg,0,train,34,train
data\raw\casting_data\casting_data\train\ok_front\cast_ok_0_1119.jpeg,0,train,2278,train
data\raw\casting_data\casting_data\train\ok_front\cast_ok_0_112.jpeg,0,train,2540,train
data\raw\casting_data\casting_data\train\ok_front\cast_ok_0_1120.jpeg,0,train,2792,val
data\raw\casting_data\casting_data\train\ok_front\cast_ok_0_1121.jpeg,0,train,2896,train
data\raw\casting_data\casting_data\train\ok_front\cast_ok_0_1127.jpeg,0,train,2897,train
data\raw\casting_data\casting_data\train\ok_front\cast_ok_0_1132.jpeg,0,train,2898,train
data\raw\casting_data\casting_data\train\ok_front\cast_ok_0_1134.jpeg,0,train,2427,val
data\raw\casting_data\casting_data\train\ok_front\cast_ok_0_1137.jpeg,0,train,2900,val
data\raw\casting_data\casting_data\train\ok_front\cast_ok_0_114.jpeg,0,train,43,train
data\raw\casting_data\casting_data\train\ok_front\cast_ok_0_1140.jpeg,0,train,2901,train
data\raw\casting_data\casting_data\train\ok_front\cast_ok_0_1144.jpeg,0,train,2903,train
data\raw\casting_data\casting_data\train\ok_front\cast_ok_0_1148.jpeg,0,train,46,train
data\raw\casting_data\casting_data\train\ok_front\cast_ok_0_1149.jpeg,0,train,2443,train
data\raw\casting_data\casting_data\train\ok_front\cast_ok_0_1153.jpeg,0,train,48,train
data\raw\casting_data\casting_data\train\ok_front\cast_ok_0_1158.jpeg,0,train,3013,train
data\raw\casting_data\casting_data\train\ok_front\cast_ok_0_1160.jpeg,0,train,2905,train
data\raw\casting_data\casting_data\train\ok_front\cast_ok_0_1165.jpeg,0,train,3038,train
data\raw\casting_data\casting_data\train\ok_front\cast_ok_0_1169.jpeg,0,train,2907,train
data\raw\casting_data\casting_data\train\ok_front\cast_ok_0_1171.jpeg,0,train,2761,train
data\raw\casting_data\casting_data\train\ok_front\cast_ok_0_1172.jpeg,0,train,3082,train
data\raw\casting_data\casting_data\train\ok_front\cast_ok_0_1173.jpeg,0,train,2911,train
data\raw\casting_data\casting_data\train\ok_front\cast_ok_0_1176.jpeg,0,train,2913,train
data\raw\casting_data\casting_data\train\ok_front\cast_ok_0_118.jpeg,0,train,2997,train
data\raw\casting_data\casting_data\train\ok_front\cast_ok_0_1180.jpeg,0,train,2914,train
data\raw\casting_data\casting_data\train\ok_front\cast_ok_0_1181.jpeg,0,train,2933,train
data\raw\casting_data\casting_data\train\ok_front\cast_ok_0_1184.jpeg,0,train,60,test
data\raw\casting_data\casting_data\train\ok_front\cast_ok_0_1189.jpeg,0,train,61,test
data\raw\casting_data\casting_data\train\ok_front\cast_ok_0_1193.jpeg,0,train,1386,train
data\raw\casting_data\casting_data\train\ok_front\cast_ok_0_12.jpeg,0,train,2377,test
data\raw\casting_data\casting_data\train\ok_front\cast_ok_0_120.jpeg,0,train,64,test
data\raw\casting_data\casting_data\train\ok_front\cast_ok_0_1200.jpeg,0,train,2528,train
data\raw\casting_data\casting_data\train\ok_front\cast_ok_0_1202.jpeg,0,train,3098,train
data\raw\casting_data\casting_data\train\ok_front\cast_ok_0_1203.jpeg,0,train,3067,train
data\raw\casting_data\casting_data\train\ok_front\cast_ok_0_1207.jpeg,0,train,1908,test
data\raw\casting_data\casting_data\train\ok_front\cast_ok_0_1209.jpeg,0,train,2836,train
data\raw\casting_data\casting_data\train\ok_front\cast_ok_0_121.jpeg,0,train,70,train
data\raw\casting_data\casting_data\train\ok_front\cast_ok_0_1210.jpeg,0,train,2920,train
data\raw\casting_data\casting_data\train\ok_front\cast_ok_0_1213.jpeg,0,train,3103,test
data\raw\casting_data\casting_data\train\ok_front\cast_ok_0_1218.jpeg,0,train,3069,test
data\raw\casting_data\casting_data\train\ok_front\cast_ok_0_122.jpeg,0,train,452,test
data\raw\casting_data\casting_data\train\ok_front\cast_ok_0_1220.jpeg,0,train,1786,train
data\raw\casting_data\casting_data\train\ok_front\cast_ok_0_1229.jpeg,0,train,2865,train
data\raw\casting_data\casting_data\train\ok_front\cast_ok_0_1241.jpeg,0,train,1510,test
data\raw\casting_data\casting_data\train\ok_front\cast_ok_0_1244.jpeg,0,train,2444,test
data\raw\casting_data\casting_data\train\ok_front\cast_ok_0_125.jpeg,0,train,1780,train
data\raw\casting_data\casting_data\train\ok_front\cast_ok_0_1254.jpeg,0,train,80,train
data\raw\casting_data\casting_data\train\ok_front\cast_ok_0_1257.jpeg,0,train,3255,val
data\raw\casting_data\casting_data\train\ok_front\cast_ok_0_1258.jpeg,0,train,1871,train
data\raw\casting_data\casting_data\train\ok_front\cast_ok_0_1260.jpeg,0,train,83,train
data\raw\casting_data\casting_data\train\ok_front\cast_ok_0_1268.jpeg,0,train,2792,val
data\raw\casting_data\casting_data\train\ok_front\cast_ok_0_127.jpeg,0,train,2327,train
data\raw\casting_data\casting_data\train\ok_front\cast_ok_0_1279.jpeg,0,train,2528,train
data\raw\casting_data\casting_data\train\ok_front\cast_ok_0_128.jpeg,0,train,87,val
data\raw\casting_data\casting_data\train\ok_front\cast_ok_0_1283.jpeg,0,train,88,train
data\raw\casting_data\casting_data\train\ok_front\cast_ok_0_1290.jpeg,0,train,89,train
data\raw\casting_data\casting_data\train\ok_front\cast_ok_0_1291.jpeg,0,train,2620,train
data\raw\casting_data\casting_data\train\ok_front\cast_ok_0_1292.jpeg,0,train,1417,test
data\raw\casting_data\casting_data\train\ok_front\cast_ok_0_1293.jpeg,0,train,92,train
data\raw\casting_data\casting_data\train\ok_front\cast_ok_0_1294.jpeg,0,train,2660,train
data\raw\casting_data\casting_data\train\ok_front\cast_ok_0_1296.jpeg,0,train,94,train
data\raw\casting_data\casting_data\train\ok_front\cast_ok_0_1298.jpeg,0,train,661,train
data\raw\casting_data\casting_data\train\ok_front\cast_ok_0_1301.jpeg,0,train,2291,train
data\raw\casting_data\casting_data\train\ok_front\cast_ok_0_1302.jpeg,0,train,97,val
data\raw\casting_data\casting_data\train\ok_front\cast_ok_0_1303.jpeg,0,train,98,train
data\raw\casting_data\casting_data\train\ok_front\cast_ok_0_1305.jpeg,0,train,99,test
data\raw\casting_data\casting_data\train\ok_front\cast_ok_0_1306.jpeg,0,train,1296,train
data\raw\casting_data\casting_data\train\ok_front\cast_ok_0_1307.jpeg,0,train,101,train
data\raw\casting_data\casting_data\train\ok_front\cast_ok_0_1308.jpeg,0,train,2787,test
data\raw\casting_data\casting_data\train\ok_front\cast_ok_0_1313.jpeg,0,train,103,train
data\raw\casting_data\casting_data\train\ok_front\cast_ok_0_141.jpeg,0,train,104,test
data\raw\casting_data\casting_data\train\ok_front\cast_ok_0_142.jpeg,0,train,105,train
data\raw\casting_data\casting_data\train\ok_front\cast_ok_0_143.jpeg,0,train,106,train
data\raw\casting_data\casting_data\train\ok_front\cast_ok_0_1440.jpeg,0,train,107,train
data\raw\casting_data\casting_data\train\ok_front\cast_ok_0_1443.jpeg,0,train,108,train
data\raw\casting_data\casting_data\train\ok_front\cast_ok_0_1444.jpeg,0,train,3120,train
data\raw\casting_data\casting_data\train\ok_front\cast_ok_0_1445.jpeg,0,train,110,train
data\raw\casting_data\casting_data\train\ok_front\cast_ok_0_1450.jpeg,0,train,111,train
data\raw\casting_data\casting_data\train\ok_front\cast_ok_0_1452.jpeg,0,train,2505,val
data\raw\casting_data\casting_data\train\ok_front\cast_ok_0_1453.jpeg,0,train,3016,train
data\raw\casting_data\casting_data\train\ok_front\cast_ok_0_1454.jpeg,0,train,2432,test
data\raw\casting_data\casting_data\train\ok_front\cast_ok_0_1456.jpeg,0,train,115,val
data\raw\casting_data\casting_data\train\ok_front\cast_ok_0_1458.jpeg,0,train,2526,train
data\raw\casting_data\casting_data\train\ok_front\cast_ok_0_1459.jpeg,0,train,2592,train
data\raw\casting_data\casting_data\train\ok_front\cast_ok_0_146.jpeg,0,train,118,val
data\raw\casting_data\casting_data\train\ok_front\cast_ok_0_1460.jpeg,0,train,119,train
data\raw\casting_data\casting_data\train\ok_front\cast_ok_0_1461.jpeg,0,train,120,val
data\raw\casting_data\casting_data\train\ok_front\cast_ok_0_1462.jpeg,0,train,3100,train
data\raw\casting_data\casting_data\train\ok_front\cast_ok_0_1464.jpeg,0,train,122,train
data\raw\casting_data\casting_data\train\ok_front\cast_ok_0_1468.jpeg,0,train,1529,train
data\raw\casting_data\casting_data\train\ok_front\cast_ok_0_1469.jpeg,0,train,1151,val
data\raw\casting_data\casting_data\train\ok_front\cast_ok_0_147.jpeg,0,train,2528,train
data\raw\casting_data\casting_data\train\ok_front\cast_ok_0_1477.jpeg,0,train,126,val
data\raw\casting_data\casting_data\train\ok_front\cast_ok_0_1479.jpeg,0,train,1576,train
data\raw\casting_data\casting_data\train\ok_front\cast_ok_0_1480.jpeg,0,train,128,test
data\raw\casting_data\casting_data\train\ok_front\cast_ok_0_1481.jpeg,0,train,2560,train
data\raw\casting_data\casting_data\train\ok_front\cast_ok_0_1482.jpeg,0,train,130,train
data\raw\casting_data\casting_data\train\ok_front\cast_ok_0_1486.jpeg,0,train,2690,train
data\raw\casting_data\casting_data\train\ok_front\cast_ok_0_1488.jpeg,0,train,132,train
data\raw\casting_data\casting_data\train\ok_front\cast_ok_0_149.jpeg,0,train,133,test
data\raw\casting_data\casting_data\train\ok_front\cast_ok_0_1490.jpeg,0,train,1412,train
data\raw\casting_data\casting_data\train\ok_front\cast_ok_0_1491.jpeg,0,train,2934,val
data\raw\casting_data\casting_data\train\ok_front\cast_ok_0_1492.jpeg,0,train,442,train
data\raw\casting_data\casting_data\train\ok_front\cast_ok_0_1493.jpeg,0,train,2988,train
data\raw\casting_data\casting_data\train\ok_front\cast_ok_0_1505.jpeg,0,train,138,val
data\raw\casting_data\casting_data\train\ok_front\cast_ok_0_1507.jpeg,0,train,139,test
data\raw\casting_data\casting_data\train\ok_front\cast_ok_0_1513.jpeg,0,train,140,train
data\raw\casting_data\casting_data\train\ok_front\cast_ok_0_1514.jpeg,0,train,141,train
data\raw\casting_data\casting_data\train\ok_front\cast_ok_0_1516.jpeg,0,train,1851,train
data\raw\casting_data\casting_data\train\ok_front\cast_ok_0_1519.jpeg,0,train,921,train
data\raw\casting_data\casting_data\train\ok_front\cast_ok_0_152.jpeg,0,train,144,test
data\raw\casting_data\casting_data\train\ok_front\cast_ok_0_1523.jpeg,0,train,541,val
data\raw\casting_data\casting_data\train\ok_front\cast_ok_0_1527.jpeg,0,train,146,train
data\raw\casting_data\casting_data\train\ok_front\cast_ok_0_1529.jpeg,0,train,743,train
data\raw\casting_data\casting_data\train\ok_front\cast_ok_0_153.jpeg,0,train,2533,train
data\raw\casting_data\casting_data\train\ok_front\cast_ok_0_1531.jpeg,0,train,2947,test
data\raw\casting_data\casting_data\train\ok_front\cast_ok_0_1534.jpeg,0,train,1044,train
data\raw\casting_data\casting_data\train\ok_front\cast_ok_0_1539.jpeg,0,train,151,train
data\raw\casting_data\casting_data\train\ok_front\cast_ok_0_154.jpeg,0,train,152,val
data\raw\casting_data\casting_data\train\ok_front\cast_ok_0_1545.jpeg,0,train,153,train
data\raw\casting_data\casting_data\train\ok_front\cast_ok_0_1548.jpeg,0,train,154,test
data\raw\casting_data\casting_data\train\ok_front\cast_ok_0_1549.jpeg,0,train,2682,train
data\raw\casting_data\casting_data\train\ok_front\cast_ok_0_1550.jpeg,0,train,156,train
data\raw\casting_data\casting_data\train\ok_front\cast_ok_0_1552.jpeg,0,train,2456,train
data\raw\casting_data\casting_data\train\ok_front\cast_ok_0_1555.jpeg,0,train,158,train
data\raw\casting_data\casting_data\train\ok_front\cast_ok_0_1556.jpeg,0,train,159,train
data\raw\casting_data\casting_data\train\ok_front\cast_ok_0_1558.jpeg,0,train,3072,train
data\raw\casting_data\casting_data\train\ok_front\cast_ok_0_1562.jpeg,0,train,1566,train
data\raw\casting_data\casting_data\train\ok_front\cast_ok_0_1565.jpeg,0,train,162,val
data\raw\casting_data\casting_data\train\ok_front\cast_ok_0_157.jpeg,0,train,163,train
data\raw\casting_data\casting_data\train\ok_front\cast_ok_0_1588.jpeg,0,train,1815,test
data\raw\casting_data\casting_data\train\ok_front\cast_ok_0_1594.jpeg,0,train,1947,train
data\raw\casting_data\casting_data\train\ok_front\cast_ok_0_1595.jpeg,0,train,3100,train
data\raw\casting_data\casting_data\train\ok_front\cast_ok_0_16.jpeg,0,train,167,train
data\raw\casting_data\casting_data\train\ok_front\cast_ok_0_1601.jpeg,0,train,3113,train
data\raw\casting_data\casting_data\train\ok_front\cast_ok_0_1602.jpeg,0,train,527,train
data\raw\casting_data\casting_data\train\ok_front\cast_ok_0_1604.jpeg,0,train,170,train
data\raw\casting_data\casting_data\train\ok_front\cast_ok_0_1606.jpeg,0,train,2373,train
data\raw\casting_data\casting_data\train\ok_front\cast_ok_0_1607.jpeg,0,train,172,train
data\raw\casting_data\casting_data\train\ok_front\cast_ok_0_1609.jpeg,0,train,3134,train
data\raw\casting_data\casting_data\train\ok_front\cast_ok_0_1610.jpeg,0,train,2700,train
data\raw\casting_data\casting_data\train\ok_front\cast_ok_0_1611.jpeg,0,train,2051,train
data\raw\casting_data\casting_data\train\ok_front\cast_ok_0_1612.jpeg,0,train,899,train
data\raw\casting_data\casting_data\train\ok_front\cast_ok_0_1615.jpeg,0,train,1940,train
data\raw\casting_data\casting_data\train\ok_front\cast_ok_0_1616.jpeg,0,train,178,train
data\raw\casting_data\casting_data\train\ok_front\cast_ok_0_1624.jpeg,0,train,179,val
data\raw\casting_data\casting_data\train\ok_front\cast_ok_0_1626.jpeg,0,train,2188,train
data\raw\casting_data\casting_data\train\ok_front\cast_ok_0_1628.jpeg,0,train,666,test
data\raw\casting_data\casting_data\train\ok_front\cast_ok_0_1630.jpeg,0,train,413,train
data\raw\casting_data\casting_data\train\ok_front\cast_ok_0_1634.jpeg,0,train,544,train
data\raw\casting_data\casting_data\train\ok_front\cast_ok_0_1641.jpeg,0,train,3013,train
data\raw\casting_data\casting_data\train\ok_front\cast_ok_0_1643.jpeg,0,train,185,train
data\raw\casting_data\casting_data\train\ok_front\cast_ok_0_1655.jpeg,0,train,2792,val
data\raw\casting_data\casting_data\train\ok_front\cast_ok_0_1658.jpeg,0,train,2437,train
data\raw\casting_data\casting_data\train\ok_front\cast_ok_0_1659.jpeg,0,train,188,train
data\raw\casting_data\casting_data\train\ok_front\cast_ok_0_1663.jpeg,0,train,213,train
data\raw\casting_data\casting_data\train\ok_front\cast_ok_0_1665.jpeg,0,train,959,train
data\raw\casting_data\casting_data\train\ok_front\cast_ok_0_1667.jpeg,0,train,3374,train
data\raw\casting_data\casting_data\train\ok_front\cast_ok_0_167.jpeg,0,train,2981,train
data\raw\casting_data\casting_data\train\ok_front\cast_ok_0_1670.jpeg,0,train,193,test
data\raw\casting_data\casting_data\train\ok_front\cast_ok_0_1673.jpeg,0,train,194,train
data\raw\casting_data\casting_data\train\ok_front\cast_ok_0_1674.jpeg,0,train,1881,train
data\raw\casting_data\casting_data\train\ok_front\cast_ok_0_1675.jpeg,0,train,196,val
data\raw\casting_data\casting_data\train\ok_front\cast_ok_0_1676.jpeg,0,train,1286,train
data\raw\casting_data\casting_data\train\ok_front\cast_ok_0_1677.jpeg,0,train,2646,val
data\raw\casting_data\casting_data\train\ok_front\cast_ok_0_1678.jpeg,0,train,199,train
data\raw\casting_data\casting_data\train\ok_front\cast_ok_0_1680.jpeg,0,train,424,train
data\raw\casting_data\casting_data\train\ok_front\cast_ok_0_1682.jpeg,0,train,201,train
data\raw\casting_data\casting_data\train\ok_front\cast_ok_0_1684.jpeg,0,train,202,test
data\raw\casting_data\casting_data\train\ok_front\cast_ok_0_1686.jpeg,0,train,2858,train
data\raw\casting_data\casting_data\train\ok_front\cast_ok_0_1687.jpeg,0,train,2243,test
data\raw\casting_data\casting_data\train\ok_front\cast_ok_0_1688.jpeg,0,train,205,val
data\raw\casting_data\casting_data\train\ok_front\cast_ok_0_169.jpeg,0,train,206,val
data\raw\casting_data\casting_data\train\ok_front\cast_ok_0_1690.jpeg,0,train,2601,test
data\raw\casting_data\casting_data\train\ok_front\cast_ok_0_1691.jpeg,0,train,713,train
data\raw\casting_data\casting_data\train\ok_front\cast_ok_0_1692.jpeg,0,train,2787,test
data\raw\casting_data\casting_data\train\ok_front\cast_ok_0_1693.jpeg,0,train,3072,train
data\raw\casting_data\casting_data\train\ok_front\cast_ok_0_1699.jpeg,0,train,2551,val
data\raw\casting_data\casting_data\train\ok_front\cast_ok_0_170.jpeg,0,train,1165,train
data\raw\casting_data\casting_data\train\ok_front\cast_ok_0_1704.jpeg,0,train,213,train
data\raw\casting_data\casting_data\train\ok_front\cast_ok_0_1708.jpeg,0,train,214,val
data\raw\casting_data\casting_data\train\ok_front\cast_ok_0_171.jpeg,0,train,215,test
data\raw\casting_data\casting_data\train\ok_front\cast_ok_0_1711.jpeg,0,train,216,train
data\raw\casting_data\casting_data\train\ok_front\cast_ok_0_1717.jpeg,0,train,217,train
data\raw\casting_data\casting_data\train\ok_front\cast_ok_0_1720.jpeg,0,train,2583,train
data\raw\casting_data\casting_data\train\ok_front\cast_ok_0_1723.jpeg,0,train,2505,val
data\raw\casting_data\casting_data\train\ok_front\cast_ok_0_1727.jpeg,0,train,220,test
data\raw\casting_data\casting_data\train\ok_front\cast_ok_0_1728.jpeg,0,train,2632,train
data\raw\casting_data\casting_data\train\ok_front\cast_ok_0_1730.jpeg,0,train,222,train
data\raw\casting_data\casting_data\train\ok_front\cast_ok_0_1731.jpeg,0,train,223,train
data\raw\casting_data\casting_data\train\ok_front\cast_ok_0_1732.jpeg,0,train,928,train
data\raw\casting_data\casting_data\train\ok_front\cast_ok_0_1733.jpeg,0,train,225,train
data\raw\casting_data\casting_data\train\ok_front\cast_ok_0_1736.jpeg,0,train,2718,train
data\raw\casting_data\casting_data\train\ok_front\cast_ok_0_1739.jpeg,0,train,227,val
data\raw\casting_data\casting_data\train\ok_front\cast_ok_0_1742.jpeg,0,train,228,train
data\raw\casting_data\casting_data\train\ok_front\cast_ok_0_1745.jpeg,0,train,3013,train
data\raw\casting_data\casting_data\train\ok_front\cast_ok_0_1747.jpeg,0,train,230,train
data\raw\casting_data\casting_data\train\ok_front\cast_ok_0_175.jpeg,0,train,231,train
data\raw\casting_data\casting_data\train\ok_front\cast_ok_0_1750.jpeg,0,train,232,val
data\raw\casting_data\casting_data\train\ok_front\cast_ok_0_1754.jpeg,0,train,2037,val
data\raw\casting_data\casting_data\train\ok_front\cast_ok_0_1755.jpeg,0,train,234,val
data\raw\casting_data\casting_data\train\ok_front\cast_ok_0_1756.jpeg,0,train,1668,train
data\raw\casting_data\casting_data\train\ok_front\cast_ok_0_1757.jpeg,0,train,236,train
data\raw\casting_data\casting_data\train\ok_front\cast_ok_0_1758.jpeg,0,train,237,train
data\raw\casting_data\casting_data\train\ok_front\cast_ok_0_1763.jpeg,0,train,238,test
data\raw\casting_data\casting_data\train\ok_front\cast_ok_0_1765.jpeg,0,train,239,train
data\raw\casting_data\casting_data\train\ok_front\cast_ok_0_1766.jpeg,0,train,240,train
data\raw\casting_data\casting_data\train\ok_front\cast_ok_0_1770.jpeg,0,train,241,train
data\raw\casting_data\casting_data\train\ok_front\cast_ok_0_1771.jpeg,0,train,242,test
data\raw\casting_data\casting_data\train\ok_front\cast_ok_0_1781.jpeg,0,train,243,train
data\raw\casting_data\casting_data\train\ok_front\cast_ok_0_1782.jpeg,0,train,244,train
data\raw\casting_data\casting_data\train\ok_front\cast_ok_0_1783.jpeg,0,train,2382,train
data\raw\casting_data\casting_data\train\ok_front\cast_ok_0_1784.jpeg,0,train,2193,train
data\raw\casting_data\casting_data\train\ok_front\cast_ok_0_1785.jpeg,0,train,2505,val
data\raw\casting_data\casting_data\train\ok_front\cast_ok_0_1791.jpeg,0,train,3046,train
data\raw\casting_data\casting_data\train\ok_front\cast_ok_0_1792.jpeg,0,train,3058,train
data\raw\casting_data\casting_data\train\ok_front\cast_ok_0_1793.jpeg,0,train,250,train
data\raw\casting_data\casting_data\train\ok_front\cast_ok_0_1795.jpeg,0,train,2669,train
data\raw\casting_data\casting_data\train\ok_front\cast_ok_0_1796.jpeg,0,train,252,train
data\raw\casting_data\casting_data\train\ok_front\cast_ok_0_1797.jpeg,0,train,3055,train
data\raw\casting_data\casting_data\train\ok_front\cast_ok_0_1799.jpeg,0,train,254,val
data\raw\casting_data\casting_data\train\ok_front\cast_ok_0_1802.jpeg,0,train,255,train
data\raw\casting_data\casting_data\train\ok_front\cast_ok_0_1805.jpeg,0,train,3010,test
data\raw\casting_data\casting_data\train\ok_front\cast_ok_0_1807.jpeg,0,train,257,train
data\raw\casting_data\casting_data\train\ok_front\cast_ok_0_1815.jpeg,0,train,935,test
data\raw\casting_data\casting_data\train\ok_front\cast_ok_0_1819.jpeg,0,train,2787,test
data\raw\casting_data\casting_data\train\ok_front\cast_ok_0_182.jpeg,0,train,3082,train
data\raw\casting_data\casting_data\train\ok_front\cast_ok_0_1835.jpeg,0,train,3100,train
data\raw\casting_data\casting_data\train\ok_front\cast_ok_0_1837.jpeg,0,train,3119,train
data\raw\casting_data\casting_data\train\ok_front\cast_ok_0_1839.jpeg,0,train,2768,train
data\raw\casting_data\casting_data\train\ok_front\cast_ok_0_184.jpeg,0,train,1120,val
data\raw\casting_data\casting_data\train\ok_front\cast_ok_0_1841.jpeg,0,train,265,train
data\raw\casting_data\casting_data\train\ok_front\cast_ok_0_1851.jpeg,0,train,2148,train
data\raw\casting_data\casting_data\train\ok_front\cast_ok_0_1852.jpeg,0,train,267,test
data\raw\casting_data\casting_data\train\ok_front\cast_ok_0_1854.jpeg,0,train,268,train
data\raw\casting_data\casting_data\train\ok_front\cast_ok_0_1856.jpeg,0,train,269,train
data\raw\casting_data\casting_data\train\ok_front\cast_ok_0_1858.jpeg,0,train,270,train
data\raw\casting_data\casting_data\train\ok_front\cast_ok_0_1859.jpeg,0,train,271,train
data\raw\casting_data\casting_data\train\ok_front\cast_ok_0_186.jpeg,0,train,272,train
data\raw\casting_data\casting_data\train\ok_front\cast_ok_0_1866.jpeg,0,train,2201,train
data\raw\casting_data\casting_data\train\ok_front\cast_ok_0_1869.jpeg,0,train,3083,train
data\raw\casting_data\casting_data\train\ok_front\cast_ok_0_1876.jpeg,0,train,275,train
data\raw\casting_data\casting_data\train\ok_front\cast_ok_0_1879.jpeg,0,train,2461,train
data\raw\casting_data\casting_data\train\ok_front\cast_ok_0_188.jpeg,0,train,2957,test
data\raw\casting_data\casting_data\train\ok_front\cast_ok_0_1883.jpeg,0,train,2435,test
data\raw\casting_data\casting_data\train\ok_front\cast_ok_0_1885.jpeg,0,train,279,train
data\raw\casting_data\casting_data\train\ok_front\cast_ok_0_189.jpeg,0,train,735,train
data\raw\casting_data\casting_data\train\ok_front\cast_ok_0_1891.jpeg,0,train,281,train
data\raw\casting_data\casting_data\train\ok_front\cast_ok_0_1892.jpeg,0,train,2405,val
data\raw\casting_data\casting_data\train\ok_front\cast_ok_0_1897.jpeg,0,train,1165,train
data\raw\casting_data\casting_data\train\ok_front\cast_ok_0_19.jpeg,0,train,959,train
data\raw\casting_data\casting_data\train\ok_front\cast_ok_0_1900.jpeg,0,train,890,val
data\raw\casting_data\casting_data\train\ok_front\cast_ok_0_1902.jpeg,0,train,2363,train
data\raw\casting_data\casting_data\train\ok_front\cast_ok_0_1903.jpeg,0,train,287,train
data\raw\casting_data\casting_data\train\ok_front\cast_ok_0_1907.jpeg,0,train,2700,train
data\raw\casting_data\casting_data\train\ok_front\cast_ok_0_1908.jpeg,0,train,1959,test
data\raw\casting_data\casting_data\train\ok_front\cast_ok_0_191.jpeg,0,train,290,train
data\raw\casting_data\casting_data\train\ok_front\cast_ok_0_1910.jpeg,0,train,291,test
data\raw\casting_data\casting_data\train\ok_front\cast_ok_0_1917.jpeg,0,train,292,train
data\raw\casting_data\casting_data\train\ok_front\cast_ok_0_1918.jpeg,0,train,293,test
data\raw\casting_data\casting_data\train\ok_front\cast_ok_0_1921.jpeg,0,train,2912,train
data\raw\casting_data\casting_data\train\ok_front\cast_ok_0_193.jpeg,0,train,295,val
data\raw\casting_data\casting_data\train\ok_front\cast_ok_0_1930.jpeg,0,train,2836,train
data\raw\casting_data\casting_data\train\ok_front\cast_ok_0_1933.jpeg,0,train,2957,test
data\raw\casting_data\casting_data\train\ok_front\cast_ok_0_1935.jpeg,0,train,2030,val
data\raw\casting_data\casting_data\train\ok_front\cast_ok_0_1937.jpeg,0,train,299,train
data\raw\casting_data\casting_data\train\ok_front\cast_ok_0_1938.jpeg,0,train,300,test
data\raw\casting_data\casting_data\train\ok_front\cast_ok_0_1941.jpeg,0,train,301,train
data\raw\casting_data\casting_data\train\ok_front\cast_ok_0_1942.jpeg,0,train,302,train
data\raw\casting_data\casting_data\train\ok_front\cast_ok_0_1943.jpeg,0,train,1576,train
data\raw\casting_data\casting_data\train\ok_front\cast_ok_0_1947.jpeg,0,train,304,train
data\raw\casting_data\casting_data\train\ok_front\cast_ok_0_1953.jpeg,0,train,3129,train
data\raw\casting_data\casting_data\train\ok_front\cast_ok_0_1957.jpeg,0,train,306,val
data\raw\casting_data\casting_data\train\ok_front\cast_ok_0_196.jpeg,0,train,307,train
data\raw\casting_data\casting_data\train\ok_front\cast_ok_0_1961.jpeg,0,train,308,train
data\raw\casting_data\casting_data\train\ok_front\cast_ok_0_1962.jpeg,0,train,2427,val
data\raw\casting_data\casting_data\train\ok_front\cast_ok_0_1963.jpeg,0,train,2813,val
data\raw\casting_data\casting_data\train\ok_front\cast_ok_0_1964.jpeg,0,train,2788,train
data\raw\casting_data\casting_data\train\ok_front\cast_ok_0_1968.jpeg,0,train,312,test
data\raw\casting_data\casting_data\train\ok_front\cast_ok_0_1969.jpeg,0,train,3016,train
data\raw\casting_data\casting_data\train\ok_front\cast_ok_0_1970.jpeg,0,train,314,train
data\raw\casting_data\casting_data\train\ok_front\cast_ok_0_1972.jpeg,0,train,315,train
data\raw\casting_data\casting_data\train\ok_front\cast_ok_0_1976.jpeg,0,train,562,train
data\raw\casting_data\casting_data\train\ok_front\cast_ok_0_1978.jpeg,0,train,3013,train
data\raw\casting_data\casting_data\train\ok_front\cast_ok_0_1979.jpeg,0,train,318,train
data\raw\casting_data\casting_data\train\ok_front\cast_ok_0_198.jpeg,0,train,319,test
data\raw\casting_data\casting_data\train\ok_front\cast_ok_0_1981.jpeg,0,train,731,train
data\raw\casting_data\casting_data\train\ok_front\cast_ok_0_1986.jpeg,0,train,2746,train
data\raw\casting_data\casting_data\train\ok_front\cast_ok_0_1987.jpeg,0,train,1311,train
data\raw\casting_data\casting_data\train\ok_front\cast_ok_0_1989.jpeg,0,train,323,train
data\raw\casting_data\casting_data\train\ok_front\cast_ok_0_1992.jpeg,0,train,3054,train
data\raw\casting_data\casting_data\train\ok_front\cast_ok_0_1995.jpeg,0,train,325,train
data\raw\casting_data\casting_data\train\ok_front\cast_ok_0_2002.jpeg,0,train,326,train
data\raw\casting_data\casting_data\train\ok_front\cast_ok_0_2012.jpeg,0,train,2787,test
data\raw\casting_data\casting_data\train\ok_front\cast_ok_0_2016.jpeg,0,train,328,train
data\raw\casting_data\casting_data\train\ok_front\cast_ok_0_2022.jpeg,0,train,2982,test
data\raw\casting_data\casting_data\train\ok_front\cast_ok_0_2024.jpeg,0,train,2318,train
data\raw\casting_data\casting_data\train\ok_front\cast_ok_0_2026.jpeg,0,train,2982,test
data\raw\casting_data\casting_data\train\ok_front\cast_ok_0_2031.jpeg,0,train,332,test
data\raw\casting_data\casting_data\train\ok_front\cast_ok_0_2033.jpeg,0,train,3101,val
data\raw\casting_data\casting_data\train\ok_front\cast_ok_0_2038.jpeg,0,train,334,train
data\raw\casting_data\casting_data\train\ok_front\cast_ok_0_2039.jpeg,0,train,335,train
data\raw\casting_data\casting_data\train\ok_front\cast_ok_0_2042.jpeg,0,train,2038,train
data\raw\casting_data\casting_data\train\ok_front\cast_ok_0_2045.jpeg,0,train,2988,train
data\raw\casting_data\casting_data\train\ok_front\cast_ok_0_2048.jpeg,0,train,2951,train
data\raw\casting_data\casting_data\train\ok_front\cast_ok_0_2049.jpeg,0,train,339,val
data\raw\casting_data\casting_data\train\ok_front\cast_ok_0_205.jpeg,0,train,1448,test
data\raw\casting_data\casting_data\train\ok_front\cast_ok_0_2050.jpeg,0,train,341,train
data\raw\casting_data\casting_data\train\ok_front\cast_ok_0_2051.jpeg,0,train,342,train
data\raw\casting_data\casting_data\train\ok_front\cast_ok_0_2052.jpeg,0,train,343,test
data\raw\casting_data\casting_data\train\ok_front\cast_ok_0_2053.jpeg,0,train,344,train
data\raw\casting_data\casting_data\train\ok_front\cast_ok_0_2056.jpeg,0,train,1925,train
data\raw\casting_data\casting_data\train\ok_front\cast_ok_0_2057.jpeg,0,train,2655,train
data\raw\casting_data\casting_data\train\ok_front\cast_ok_0_2058.jpeg,0,train,347,train
data\raw\casting_data\casting_data\train\ok_front\cast_ok_0_2062.jpeg,0,train,348,train
data\raw\casting_data\casting_data\train\ok_front\cast_ok_0_2066.jpeg,0,train,2886,train
data\raw\casting_data\casting_data\train\ok_front\cast_ok_0_2068.jpeg,0,train,350,train
data\raw\casting_data\casting_data\train\ok_front\cast_ok_0_2070.jpeg,0,train,351,val
data\raw\casting_data\casting_data\train\ok_front\cast_ok_0_2077.jpeg,0,train,2528,train
data\raw\casting_data\casting_data\train\ok_front\cast_ok_0_2078.jpeg,0,train,2215,train
data\raw\casting_data\casting_data\train\ok_front\cast_ok_0_2081.jpeg,0,train,354,train
data\raw\casting_data\casting_data\train\ok_front\cast_ok_0_2082.jpeg,0,train,890,val
data\raw\casting_data\casting_data\train\ok_front\cast_ok_0_2083.jpeg,0,train,2041,val
data\raw\casting_data\casting_data\train\ok_front\cast_ok_0_2084.jpeg,0,train,3106,train
data\raw\casting_data\casting_data\train\ok_front\cast_ok_0_2085.jpeg,0,train,358,train
data\raw\casting_data\casting_data\train\ok_front\cast_ok_0_2087.jpeg,0,train,359,train
data\raw\casting_data\casting_data\train\ok_front\cast_ok_0_2094.jpeg,0,train,3095,train
data\raw\casting_data\casting_data\train\ok_front\cast_ok_0_2095.jpeg,0,train,442,train
data\raw\casting_data\casting_data\train\ok_front\cast_ok_0_2098.jpeg,0,train,2942,train
data\raw\casting_data\casting_data\train\ok_front\cast_ok_0_2099.jpeg,0,train,363,test
data\raw\casting_data\casting_data\train\ok_front\cast_ok_0_2100.jpeg,0,train,364,train
data\raw\casting_data\casting_data\train\ok_front\cast_ok_0_2103.jpeg,0,train,365,train
data\raw\casting_data\casting_data\train\ok_front\cast_ok_0_2109.jpeg,0,train,366,train
data\raw\casting_data\casting_data\train\ok_front\cast_ok_0_211.jpeg,0,train,2787,test
data\raw\casting_data\casting_data\train\ok_front\cast_ok_0_2110.jpeg,0,train,1165,train
data\raw\casting_data\casting_data\train\ok_front\cast_ok_0_2118.jpeg,0,train,653,train
data\raw\casting_data\casting_data\train\ok_front\cast_ok_0_2119.jpeg,0,train,2266,train
data\raw\casting_data\casting_data\train\ok_front\cast_ok_0_2120.jpeg,0,train,371,train
data\raw\casting_data\casting_data\train\ok_front\cast_ok_0_2129.jpeg,0,train,372,train
data\raw\casting_data\casting_data\train\ok_front\cast_ok_0_213.jpeg,0,train,3088,train
data\raw\casting_data\casting_data\train\ok_front\cast_ok_0_2132.jpeg,0,train,374,train
data\raw\casting_data\casting_data\train\ok_front\cast_ok_0_2134.jpeg,0,train,375,train
data\raw\casting_data\casting_data\train\ok_front\cast_ok_0_2136.jpeg,0,train,1864,train
data\raw\casting_data\casting_data\train\ok_front\cast_ok_0_2138.jpeg,0,train,377,train
data\raw\casting_data\casting_data\train\ok_front\cast_ok_0_2139.jpeg,0,train,2275,test
data\raw\casting_data\casting_data\train\ok_front\cast_ok_0_2141.jpeg,0,train,379,train
data\raw\casting_data\casting_data\train\ok_front\cast_ok_0_2144.jpeg,0,train,380,train
data\raw\casting_data\casting_data\train\ok_front\cast_ok_0_2152.jpeg,0,train,381,train
data\raw\casting_data\casting_data\train\ok_front\cast_ok_0_2156.jpeg,0,train,382,train
data\raw\casting_data\casting_data\train\ok_front\cast_ok_0_2159.jpeg,0,train,3095,train
data\raw\casting_data\casting_data\train\ok_front\cast_ok_0_2160.jpeg,0,train,384,train
data\raw\casting_data\casting_data\train\ok_front\cast_ok_0_2161.jpeg,0,train,385,val
data\raw\casting_data\casting_data\train\ok_front\cast_ok_0_2163.jpeg,0,train,420,train
data\raw\casting_data\casting_data\train\ok_front\cast_ok_0_2164.jpeg,0,train,387,train
data\raw\casting_data\casting_data\train\ok_front\cast_ok_0_2169.jpeg,0,train,1260,train
data\raw\casting_data\casting_data\train\ok_front\cast_ok_0_2170.jpeg,0,train,2523,train
data\raw\casting_data\casting_data\train\ok_front\cast_ok_0_2182.jpeg,0,train,2912,train
data\raw\casting_data\casting_data\train\ok_front\cast_ok_0_2187.jpeg,0,train,391,test
data\raw\casting_data\casting_data\train\ok_front\cast_ok_0_2190.jpeg,0,train,2675,train
data\raw\casting_data\casting_data\train\ok_front\cast_ok_0_2194.jpeg,0,train,393,train
data\raw\casting_data\casting_data\train\ok_front\cast_ok_0_2195.jpeg,0,train,394,test
data\raw\casting_data\casting_data\train\ok_front\cast_ok_0_22.jpeg,0,train,1044,train
data\raw\casting_data\casting_data\train\ok_front\cast_ok_0_220.jpeg,0,train,396,train
data\raw\casting_data\casting_data\train\ok_front\cast_ok_0_2200.jpeg,0,train,2229,train
data\raw\casting_data\casting_data\train\ok_front\cast_ok_0_2201.jpeg,0,train,398,val
data\raw\casting_data\casting_data\train\ok_front\cast_ok_0_2207.jpeg,0,train,934,val
data\raw\casting_data\casting_data\train\ok_front\cast_ok_0_2214.jpeg,0,train,400,train
data\raw\casting_data\casting_data\train\ok_front\cast_ok_0_2218.jpeg,0,train,2446,train
data\raw\casting_data\casting_data\train\ok_front\cast_ok_0_2219.jpeg,0,train,402,train
data\raw\casting_data\casting_data\train\ok_front\cast_ok_0_2227.jpeg,0,train,2353,train
data\raw\casting_data\casting_data\train\ok_front\cast_ok_0_2233.jpeg,0,train,3067,train
data\raw\casting_data\casting_data\train\ok_front\cast_ok_0_2237.jpeg,0,train,2856,train
data\raw\casting_data\casting_data\train\ok_front\cast_ok_0_2238.jpeg,0,train,406,test
data\raw\casting_data\casting_data\train\ok_front\cast_ok_0_2249.jpeg,0,train,678,train
data\raw\casting_data\casting_data\train\ok_front\cast_ok_0_2250.jpeg,0,train,408,test
data\raw\casting_data\casting_data\train\ok_front\cast_ok_0_2258.jpeg,0,train,2696,train
data\raw\casting_data\casting_data\train\ok_front\cast_ok_0_2262.jpeg,0,train,410,train
data\raw\casting_data\casting_data\train\ok_front\cast_ok_0_2266.jpeg,0,train,3038,train
data\raw\casting_data\casting_data\train\ok_front\cast_ok_0_2269.jpeg,0,train,3013,train
data\raw\casting_data\casting_data\train\ok_front\cast_ok_0_2270.jpeg,0,train,413,train
data\raw\casting_data\casting_data\train\ok_front\cast_ok_0_2273.jpeg,0,train,414,train
data\raw\casting_data\casting_data\train\ok_front\cast_ok_0_2275.jpeg,0,train,1492,train
data\raw\casting_data\casting_data\train\ok_front\cast_ok_0_2277.jpeg,0,train,2472,train
data\raw\casting_data\casting_data\train\ok_front\cast_ok_0_2278.jpeg,0,train,417,val
data\raw\casting_data\casting_data\train\ok_front\cast_ok_0_2285.jpeg,0,train,3100,train
data\raw\casting_data\casting_data\train\ok_front\cast_ok_0_2290.jpeg,0,train,419,train
data\raw\casting_data\casting_data\train\ok_front\cast_ok_0_2296.jpeg,0,train,420,train
data\raw\casting_data\casting_data\train\ok_front\cast_ok_0_2306.jpeg,0,train,1386,train
data\raw\casting_data\casting_data\train\ok_front\cast_ok_0_2307.jpeg,0,train,422,train
data\raw\casting_data\casting_data\train\ok_front\cast_ok_0_2308.jpeg,0,train,423,train
data\raw\casting_data\casting_data\train\ok_front\cast_ok_0_2310.jpeg,0,train,424,train
data\raw\casting_data\casting_data\train\ok_front\cast_ok_0_2315.jpeg,0,train,2528,train
data\raw\casting_data\casting_data\train\ok_front\cast_ok_0_2317.jpeg,0,train,426,train
data\raw\casting_data\casting_data\train\ok_front\cast_ok_0_2318.jpeg,0,train,427,val
data\raw\casting_data\casting_data\train\ok_front\cast_ok_0_2323.jpeg,0,train,3058,train
data\raw\casting_data\casting_data\train\ok_front\cast_ok_0_2326.jpeg,0,train,2452,test
data\raw\casting_data\casting_data\train\ok_front\cast_ok_0_2327.jpeg,0,train,430,train
data\raw\casting_data\casting_data\train\ok_front\cast_ok_0_233.jpeg,0,train,2194,train
data\raw\casting_data\casting_data\train\ok_front\cast_ok_0_2330.jpeg,0,train,432,train
data\raw\casting_data\casting_data\train\ok_front\cast_ok_0_2333.jpeg,0,train,433,train
data\raw\casting_data\casting_data\train\ok_front\cast_ok_0_2336.jpeg,0,train,434,train
data\raw\casting_data\casting_data\train\ok_front\cast_ok_0_2338.jpeg,0,train,1165,train
data\raw\casting_data\casting_data\train\ok_front\cast_ok_0_2349.jpeg,0,train,436,test
data\raw\casting_data\casting_data\train\ok_front\cast_ok_0_2350.jpeg,0,train,437,train
data\raw\casting_data\casting_data\train\ok_front\cast_ok_0_2365.jpeg,0,train,1221,train
data\raw\casting_data\casting_data\train\ok_front\cast_ok_0_2372.jpeg,0,train,2449,train
data\raw\casting_data\casting_data\train\ok_front\cast_ok_0_2373.jpeg,0,train,440,test
data\raw\casting_data\casting_data\train\ok_front\cast_ok_0_2379.jpeg,0,train,1557,val
data\raw\casting_data\casting_data\train\ok_front\cast_ok_0_2383.jpeg,0,train,442,train
data\raw\casting_data\casting_data\train\ok_front\cast_ok_0_2384.jpeg,0,train,3099,train
data\raw\casting_data\casting_data\train\ok_front\cast_ok_0_2385.jpeg,0,train,3255,val
data\raw\casting_data\casting_data\train\ok_front\cast_ok_0_239.jpeg,0,train,445,val
data\raw\casting_data\casting_data\train\ok_front\cast_ok_0_2390.jpeg,0,train,2779,train
data\raw\casting_data\casting_data\train\ok_front\cast_ok_0_2392.jpeg,0,train,3016,train
data\raw\casting_data\casting_data\train\ok_front\cast_ok_0_2393.jpeg,0,train,448,val
data\raw\casting_data\casting_data\train\ok_front\cast_ok_0_2394.jpeg,0,train,2959,val
data\raw\casting_data\casting_data\train\ok_front\cast_ok_0_2401.jpeg,0,train,2435,test
data\raw\casting_data\casting_data\train\ok_front\cast_ok_0_2402.jpeg,0,train,816,train
data\raw\casting_data\casting_data\train\ok_front\cast_ok_0_2404.jpeg,0,train,452,test
data\raw\casting_data\casting_data\train\ok_front\cast_ok_0_2409.jpeg,0,train,1596,train
data\raw\casting_data\casting_data\train\ok_front\cast_ok_0_242.jpeg,0,train,3031,train
data\raw\casting_data\casting_data\train\ok_front\cast_ok_0_2421.jpeg,0,train,2638,train
data\raw\casting_data\casting_data\train\ok_front\cast_ok_0_2427.jpeg,0,train,577,train
data\raw\casting_data\casting_data\train\ok_front\cast_ok_0_2431.jpeg,0,train,1695,val
data\raw\casting_data\casting_data\train\ok_front\cast_ok_0_2438.jpeg,0,train,458,train
data\raw\casting_data\casting_data\train\ok_front\cast_ok_0_2439.jpeg,0,train,2683,train
data\raw\casting_data\casting_data\train\ok_front\cast_ok_0_244.jpeg,0,train,460,train
data\raw\casting_data\casting_data\train\ok_front\cast_ok_0_2440.jpeg,0,train,461,train
data\raw\casting_data\casting_data\train\ok_front\cast_ok_0_2447.jpeg,0,train,1991,train
data\raw\casting_data\casting_data\train\ok_front\cast_ok_0_2459.jpeg,0,train,463,train
data\raw\casting_data\casting_data\train\ok_front\cast_ok_0_2460.jpeg,0,train,1784,test
data\raw\casting_data\casting_data\train\ok_front\cast_ok_0_2461.jpeg,0,train,465,train
data\raw\casting_data\casting_data\train\ok_front\cast_ok_0_2467.jpeg,0,train,3134,train
data\raw\casting_data\casting_data\train\ok_front\cast_ok_0_2474.jpeg,0,train,467,train
data\raw\casting_data\casting_data\train\ok_front\cast_ok_0_2477.jpeg,0,train,468,test
data\raw\casting_data\casting_data\train\ok_front\cast_ok_0_2479.jpeg,0,train,976,val
data\raw\casting_data\casting_data\train\ok_front\cast_ok_0_248.jpeg,0,train,2957,test
data\raw\casting_data\casting_data\train\ok_front\cast_ok_0_2480.jpeg,0,train,471,train
data\raw\casting_data\casting_data\train\ok_front\cast_ok_0_2482.jpeg,0,train,472,train
data\raw\casting_data\casting_data\train\ok_front\cast_ok_0_249.jpeg,0,train,473,train
data\raw\casting_data\casting_data\train\ok_front\cast_ok_0_2491.jpeg,0,train,474,test
data\raw\casting_data\casting_data\train\ok_front\cast_ok_0_2492.jpeg,0,train,475,train
data\raw\casting_data\casting_data\train\ok_front\cast_ok_0_2497.jpeg,0,train,476,val
data\raw\casting_data\casting_data\train\ok_front\cast_ok_0_250.jpeg,0,train,2041,val
data\raw\casting_data\casting_data\train\ok_front\cast_ok_0_2502.jpeg,0,train,478,train
data\raw\casting_data\casting_data\train\ok_front\cast_ok_0_2507.jpeg,0,train,479,train
data\raw\casting_data\casting_data\train\ok_front\cast_ok_0_2513.jpeg,0,train,849,test
data\raw\casting_data\casting_data\train\ok_front\cast_ok_0_2515.jpeg,0,train,2318,train
data\raw\casting_data\casting_data\train\ok_front\cast_ok_0_2517.jpeg,0,train,482,test
data\raw\casting_data\casting_data\train\ok_front\cast_ok_0_2521.jpeg,0,train,3071,train
data\raw\casting_data\casting_data\train\ok_front\cast_ok_0_2523.jpeg,0,train,2446,train
data\raw\casting_data\casting_data\train\ok_front\cast_ok_0_2524.jpeg,0,train,2923,train
data\raw\casting_data\casting_data\train\ok_front\cast_ok_0_2526.jpeg,0,train,486,train
data\raw\casting_data\casting_data\train\ok_front\cast_ok_0_2529.jpeg,0,train,487,test
data\raw\casting_data\casting_data\train\ok_front\cast_ok_0_2531.jpeg,0,train,2123,train
data\raw\casting_data\casting_data\train\ok_front\cast_ok_0_2534.jpeg,0,train,489,val
data\raw\casting_data\casting_data\train\ok_front\cast_ok_0_2539.jpeg,0,train,2523,train
data\raw\casting_data\casting_data\train\ok_front\cast_ok_0_2541.jpeg,0,train,491,train
data\raw\casting_data\casting_data\train\ok_front\cast_ok_0_2542.jpeg,0,train,2411,train
data\raw\casting_data\casting_data\train\ok_front\cast_ok_0_2550.jpeg,0,train,493,train
data\raw\casting_data\casting_data\train\ok_front\cast_ok_0_2562.jpeg,0,train,494,train
data\raw\casting_data\casting_data\train\ok_front\cast_ok_0_2564.jpeg,0,train,3100,train
data\raw\casting_data\casting_data\train\ok_front\cast_ok_0_2567.jpeg,0,train,496,train
data\raw\casting_data\casting_data\train\ok_front\cast_ok_0_2569.jpeg,0,train,818,train
data\raw\casting_data\casting_data\train\ok_front\cast_ok_0_2580.jpeg,0,train,498,val
data\raw\casting_data\casting_data\train\ok_front\cast_ok_0_2589.jpeg,0,train,1740,train
data\raw\casting_data\casting_data\train\ok_front\cast_ok_0_2602.jpeg,0,train,2560,train
data\raw\casting_data\casting_data\train\ok_front\cast_ok_0_2607.jpeg,0,train,501,train
data\raw\casting_data\casting_data\train\ok_front\cast_ok_0_2608.jpeg,0,train,2761,train
data\raw\casting_data\casting_data\train\ok_front\cast_ok_0_2613.jpeg,0,train,2933,train
data\raw\casting_data\casting_data\train\ok_front\cast_ok_0_2614.jpeg,0,train,2682,train
data\raw\casting_data\casting_data\train\ok_front\cast_ok_0_262.jpeg,0,train,1638,val
data\raw\casting_data\casting_data\train\ok_front\cast_ok_0_2623.jpeg,0,train,1769,test
data\raw\casting_data\casting_data\train\ok_front\cast_ok_0_2626.jpeg,0,train,1879,train
data\raw\casting_data\casting_data\train\ok_front\cast_ok_0_263.jpeg,0,train,508,train
data\raw\casting_data\casting_data\train\ok_front\cast_ok_0_2631.jpeg,0,train,509,test
data\raw\casting_data\casting_data\train\ok_front\cast_ok_0_2635.jpeg,0,train,510,train
data\raw\casting_data\casting_data\train\ok_front\cast_ok_0_2641.jpeg,0,train,511,val
data\raw\casting_data\casting_data\train\ok_front\cast_ok_0_2642.jpeg,0,train,2811,val
data\raw\casting_data\casting_data\train\ok_front\cast_ok_0_2649.jpeg,0,train,2046,test
data\raw\casting_data\casting_data\train\ok_front\cast_ok_0_266.jpeg,0,train,514,train
data\raw\casting_data\casting_data\train\ok_front\cast_ok_0_2664.jpeg,0,train,515,train
data\raw\casting_data\casting_data\train\ok_front\cast_ok_0_2665.jpeg,0,train,3040,train
data\raw\casting_data\casting_data\train\ok_front\cast_ok_0_2671.jpeg,0,train,2249,train
data\raw\casting_data\casting_data\train\ok_front\cast_ok_0_2673.jpeg,0,train,1907,train
data\raw\casting_data\casting_data\train\ok_front\cast_ok_0_2680.jpeg,0,train,3025,train
data\raw\casting_data\casting_data\train\ok_front\cast_ok_0_2685.jpeg,0,train,1701,train
data\raw\casting_data\casting_data\train\ok_front\cast_ok_0_269.jpeg,0,train,521,test
data\raw\casting_data\casting_data\train\ok_front\cast_ok_0_271.jpeg,0,train,522,train
data\raw\casting_data\casting_data\train\ok_front\cast_ok_0_2710.jpeg,0,train,523,train
data\raw\casting_data\casting_data\train\ok_front\cast_ok_0_2713.jpeg,0,train,2259,train
data\raw\casting_data\casting_data\train\ok_front\cast_ok_0_2719.jpeg,0,train,3016,train
data\raw\casting_data\casting_data\train\ok_front\cast_ok_0_2721.jpeg,0,train,526,val
data\raw\casting_data\casting_data\train\ok_front\cast_ok_0_273.jpeg,0,train,527,train
data\raw\casting_data\casting_data\train\ok_front\cast_ok_0_2738.jpeg,0,train,528,train
data\raw\casting_data\casting_data\train\ok_front\cast_ok_0_2742.jpeg,0,train,1385,test
data\raw\casting_data\casting_data\train\ok_front\cast_ok_0_2749.jpeg,0,train,2995,val
data\raw\casting_data\casting_data\train\ok_front\cast_ok_0_2750.jpeg,0,train,3063,train
data\raw\casting_data\casting_data\train\ok_front\cast_ok_0_2773.jpeg,0,train,3024,test
data\raw\casting_data\casting_data\train\ok_front\cast_ok_0_2778.jpeg,0,train,3122,train
data\raw\casting_data\casting_data\train\ok_front\cast_ok_0_2779.jpeg,0,train,2528,train
data\raw\casting_data\casting_data\train\ok_front\cast_ok_0_278.jpeg,0,train,1320,val
data\raw\casting_data\casting_data\train\ok_front\cast_ok_0_2783.jpeg,0,train,536,train
data\raw\casting_data\casting_data\train\ok_front\cast_ok_0_28.jpeg,0,train,537,train
data\raw\casting_data\casting_data\train\ok_front\cast_ok_0_2813.jpeg,0,train,1770,train
data\raw\casting_data\casting_data\train\ok_front\cast_ok_0_2816.jpeg,0,train,539,train
data\raw\casting_data\casting_data\train\ok_front\cast_ok_0_2818.jpeg,0,train,540,test
data\raw\casting_data\casting_data\train\ok_front\cast_ok_0_2824.jpeg,0,train,541,val
data\raw\casting_data\casting_data\train\ok_front\cast_ok_0_284.jpeg,0,train,542,train
data\raw\casting_data\casting_data\train\ok_front\cast_ok_0_2855.jpeg,0,train,2463,train
data\raw\casting_data\casting_data\train\ok_front\cast_ok_0_2856.jpeg,0,train,544,train
data\raw\casting_data\casting_data\train\ok_front\cast_ok_0_286.jpeg,0,train,1818,train
data\raw\casting_data\casting_data\train\ok_front\cast_ok_0_2862.jpeg,0,train,2802,val
data\raw\casting_data\casting_data\train\ok_front\cast_ok_0_2865.jpeg,0,train,1379,train
data\raw\casting_data\casting_data\train\ok_front\cast_ok_0_29.jpeg,0,train,548,train
data\raw\casting_data\casting_data\train\ok_front\cast_ok_0_2902.jpeg,0,train,549,train
data\raw\casting_data\casting_data\train\ok_front\cast_ok_0_2904.jpeg,0,train,2815,train
data\raw\casting_data\casting_data\train\ok_front\cast_ok_0_2908.jpeg,0,train,551,train
data\raw\casting_data\casting_data\train\ok_front\cast_ok_0_2910.jpeg,0,train,2505,val
data\raw\casting_data\casting_data\train\ok_front\cast_ok_0_2936.jpeg,0,train,553,val
data\raw\casting_data\casting_data\train\ok_front\cast_ok_0_294.jpeg,0,train,554,train
data\raw\casting_data\casting_data\train\ok_front\cast_ok_0_2940.jpeg,0,train,2560,train
data\raw\casting_data\casting_data\train\ok_front\cast_ok_0_2941.jpeg,0,train,556,train
data\raw\casting_data\casting_data\train\ok_front\cast_ok_0_2944.jpeg,0,train,2953,test
data\raw\casting_data\casting_data\train\ok_front\cast_ok_0_2946.jpeg,0,train,558,test
data\raw\casting_data\casting_data\train\ok_front\cast_ok_0_2948.jpeg,0,train,2748,train
data\raw\casting_data\casting_data\train\ok_front\cast_ok_0_2949.jpeg,0,train,560,val
data\raw\casting_data\casting_data\train\ok_front\cast_ok_0_2958.jpeg,0,train,561,train
data\raw\casting_data\casting_data\train\ok_front\cast_ok_0_2959.jpeg,0,train,562,train
data\raw\casting_data\casting_data\train\ok_front\cast_ok_0_296.jpeg,0,train,2823,test
data\raw\casting_data\casting_data\train\ok_front\cast_ok_0_2961.jpeg,0,train,1510,test
data\raw\casting_data\casting_data\train\ok_front\cast_ok_0_2963.jpeg,0,train,1576,train
data\raw\casting_data\casting_data\train\ok_front\cast_ok_0_2965.jpeg,0,train,566,train
data\raw\casting_data\casting_data\train\ok_front\cast_ok_0_2971.jpeg,0,train,3034,val
data\raw\casting_data\casting_data\train\ok_front\cast_ok_0_2974.jpeg,0,train,2951,train
data\raw\casting_data\casting_data\train\ok_front\cast_ok_0_2976.jpeg,0,train,2080,test
data\raw\casting_data\casting_data\train\ok_front\cast_ok_0_298.jpeg,0,train,570,train
data\raw\casting_data\casting_data\train\ok_front\cast_ok_0_2982.jpeg,0,train,571,train
data\raw\casting_data\casting_data\train\ok_front\cast_ok_0_2985.jpeg,0,train,1681,train
data\raw\casting_data\casting_data\train\ok_front\cast_ok_0_2988.jpeg,0,train,573,train
data\raw\casting_data\casting_data\train\ok_front\cast_ok_0_2992.jpeg,0,train,574,test
data\raw\casting_data\casting_data\train\ok_front\cast_ok_0_2993.jpeg,0,train,575,train
data\raw\casting_data\casting_data\train\ok_front\cast_ok_0_2996.jpeg,0,train,2068,val
data\raw\casting_data\casting_data\train\ok_front\cast_ok_0_2997.jpeg,0,train,577,train
data\raw\casting_data\casting_data\train\ok_front\cast_ok_0_2999.jpeg,0,train,2947,test
data\raw\casting_data\casting_data\train\ok_front\cast_ok_0_300.jpeg,0,train,579,train
data\raw\casting_data\casting_data\train\ok_front\cast_ok_0_3002.jpeg,0,train,2376,train
data\raw\casting_data\casting_data\train\ok_front\cast_ok_0_3007.jpeg,0,train,581,train
data\raw\casting_data\casting_data\train\ok_front\cast_ok_0_3008.jpeg,0,train,582,test
data\raw\casting_data\casting_data\train\ok_front\cast_ok_0_3009.jpeg,0,train,3113,train
data\raw\casting_data\casting_data\train\ok_front\cast_ok_0_3016.jpeg,0,train,3038,train
data\raw\casting_data\casting_data\train\ok_front\cast_ok_0_3018.jpeg,0,train,2573,test
data\raw\casting_data\casting_data\train\ok_front\cast_ok_0_302.jpeg,0,train,1673,train
data\raw\casting_data\casting_data\train\ok_front\cast_ok_0_3021.jpeg,0,train,587,train
data\raw\casting_data\casting_data\train\ok_front\cast_ok_0_3022.jpeg,0,train,588,train
data\raw\casting_data\casting_data\train\ok_front\cast_ok_0_3025.jpeg,0,train,589,test
data\raw\casting_data\casting_data\train\ok_front\cast_ok_0_3027.jpeg,0,train,590,train
data\raw\casting_data\casting_data\train\ok_front\cast_ok_0_3028.jpeg,0,train,591,train
data\raw\casting_data\casting_data\train\ok_front\cast_ok_0_3033.jpeg,0,train,592,test
data\raw\casting_data\casting_data\train\ok_front\cast_ok_0_3043.jpeg,0,train,593,train
data\raw\casting_data\casting_data\train\ok_front\cast_ok_0_3047.jpeg,0,train,2038,train
data\raw\casting_data\casting_data\train\ok_front\cast_ok_0_3048.jpeg,0,train,3088,train
data\raw\casting_data\casting_data\train\ok_front\cast_ok_0_3052.jpeg,0,train,596,train
data\raw\casting_data\casting_data\train\ok_front\cast_ok_0_3053.jpeg,0,train,597,test
data\raw\casting_data\casting_data\train\ok_front\cast_ok_0_3054.jpeg,0,train,2598,train
data\raw\casting_data\casting_data\train\ok_front\cast_ok_0_3059.jpeg,0,train,1430,train
data\raw\casting_data\casting_data\train\ok_front\cast_ok_0_3060.jpeg,0,train,600,train
data\raw\casting_data\casting_data\train\ok_front\cast_ok_0_3063.jpeg,0,train,3081,train
data\raw\casting_data\casting_data\train\ok_front\cast_ok_0_3064.jpeg,0,train,602,val
data\raw\casting_data\casting_data\train\ok_front\cast_ok_0_3065.jpeg,0,train,2662,train
data\raw\casting_data\casting_data\train\ok_front\cast_ok_0_307.jpeg,0,train,604,train
data\raw\casting_data\casting_data\train\ok_front\cast_ok_0_3070.jpeg,0,train,605,train
data\raw\casting_data\casting_data\train\ok_front\cast_ok_0_3076.jpeg,0,train,842,train
data\raw\casting_data\casting_data\train\ok_front\cast_ok_0_3080.jpeg,0,train,890,val
data\raw\casting_data\casting_data\train\ok_front\cast_ok_0_3083.jpeg,0,train,608,train
data\raw\casting_data\casting_data\train\ok_front\cast_ok_0_3086.jpeg,0,train,609,train
data\raw\casting_data\casting_data\train\ok_front\cast_ok_0_3091.jpeg,0,train,610,train
data\raw\casting_data\casting_data\train\ok_front\cast_ok_0_3094.jpeg,0,train,611,val
data\raw\casting_data\casting_data\train\ok_front\cast_ok_0_3096.jpeg,0,train,1990,train
data\raw\casting_data\casting_data\train\ok_front\cast_ok_0_3097.jpeg,0,train,613,train
data\raw\casting_data\casting_data\train\ok_front\cast_ok_0_3103.jpeg,0,train,3063,train
data\raw\casting_data\casting_data\train\ok_front\cast_ok_0_3112.jpeg,0,train,615,train
data\raw\casting_data\casting_data\train\ok_front\cast_ok_0_3114.jpeg,0,train,616,train
data\raw\casting_data\casting_data\train\ok_front\cast_ok_0_3115.jpeg,0,train,2461,train
data\raw\casting_data\casting_data\train\ok_front\cast_ok_0_3117.jpeg,0,train,2957,test
data\raw\casting_data\casting_data\train\ok_front\cast_ok_0_313.jpeg,0,train,619,train
data\raw\casting_data\casting_data\train\ok_front\cast_ok_0_3130.jpeg,0,train,2212,train
data\raw\casting_data\casting_data\train\ok_front\cast_ok_0_3133.jpeg,0,train,621,train
data\raw\casting_data\casting_data\train\ok_front\cast_ok_0_3136.jpeg,0,train,1448,test
data\raw\casting_data\casting_data\train\ok_front\cast_ok_0_3141.jpeg,0,train,2075,train
data\raw\casting_data\casting_data\train\ok_front\cast_ok_0_3144.jpeg,0,train,1470,test
data\raw\casting_data\casting_data\train\ok_front\cast_ok_0_3145.jpeg,0,train,3013,train
data\raw\casting_data\casting_data\train\ok_front\cast_ok_0_3147.jpeg,0,train,626,train
data\raw\casting_data\casting_data\train\ok_front\cast_ok_0_3149.jpeg,0,train,1925,train
data\raw\casting_data\casting_data\train\ok_front\cast_ok_0_3153.jpeg,0,train,2528,train
data\raw\casting_data\casting_data\train\ok_front\cast_ok_0_3156.jpeg,0,train,629,train
data\raw\casting_data\casting_data\train\ok_front\cast_ok_0_3158.jpeg,0,train,1770,train
data\raw\casting_data\casting_data\train\ok_front\cast_ok_0_316.jpeg,0,train,631,train
data\raw\casting_data\casting_data\train\ok_front\cast_ok_0_3168.jpeg,0,train,2456,train
data\raw\casting_data\casting_data\train\ok_front\cast_ok_0_3170.jpeg,0,train,2528,train
data\raw\casting_data\casting_data\train\ok_front\cast_ok_0_3181.jpeg,0,train,1576,train
data\raw\casting_data\casting_data\train\ok_front\cast_ok_0_3183.jpeg,0,train,635,train
data\raw\casting_data\casting_data\train\ok_front\cast_ok_0_3185.jpeg,0,train,636,train
data\raw\casting_data\casting_data\train\ok_front\cast_ok_0_3186.jpeg,0,train,637,val
data\raw\casting_data\casting_data\train\ok_front\cast_ok_0_3187.jpeg,0,train,2528,train
data\raw\casting_data\casting_data\train\ok_front\cast_ok_0_3193.jpeg,0,train,639,train
data\raw\casting_data\casting_data\train\ok_front\cast_ok_0_3197.jpeg,0,train,640,val
data\raw\casting_data\casting_data\train\ok_front\cast_ok_0_3201.jpeg,0,train,641,test
data\raw\casting_data\casting_data\train\ok_front\cast_ok_0_3206.jpeg,0,train,666,test
data\raw\casting_data\casting_data\train\ok_front\cast_ok_0_3209.jpeg,0,train,643,val
data\raw\casting_data\casting_data\train\ok_front\cast_ok_0_3210.jpeg,0,train,2957,test
data\raw\casting_data\casting_data\train\ok_front\cast_ok_0_3216.jpeg,0,train,645,train
data\raw\casting_data\casting_data\train\ok_front\cast_ok_0_322.jpeg,0,train,3119,train
data\raw\casting_data\casting_data\train\ok_front\cast_ok_0_3220.jpeg,0,train,647,test
data\raw\casting_data\casting_data\train\ok_front\cast_ok_0_3225.jpeg,0,train,1377,val
data\raw\casting_data\casting_data\train\ok_front\cast_ok_0_3227.jpeg,0,train,3037,train
data\raw\casting_data\casting_data\train\ok_front\cast_ok_0_3230.jpeg,0,train,2844,train
data\raw\casting_data\casting_data\train\ok_front\cast_ok_0_3232.jpeg,0,train,651,train
data\raw\casting_data\casting_data\train\ok_front\cast_ok_0_3234.jpeg,0,train,3013,train
data\raw\casting_data\casting_data\train\ok_front\cast_ok_0_3236.jpeg,0,train,653,train
data\raw\casting_data\casting_data\train\ok_front\cast_ok_0_3238.jpeg,0,train,654,train
data\raw\casting_data\casting_data\train\ok_front\cast_ok_0_3243.jpeg,0,train,655,train
data\raw\casting_data\casting_data\train\ok_front\cast_ok_0_3250.jpeg,0,train,656,train
data\raw\casting_data\casting_data\train\ok_front\cast_ok_0_3251.jpeg,0,train,657,train
data\raw\casting_data\casting_data\train\ok_front\cast_ok_0_3254.jpeg,0,train,3101,val
data\raw\casting_data\casting_data\train\ok_front\cast_ok_0_3255.jpeg,0,train,3093,val
data\raw\casting_data\casting_data\train\ok_front\cast_ok_0_3261.jpeg,0,train,660,train
data\raw\casting_data\casting_data\train\ok_front\cast_ok_0_327.jpeg,0,train,661,train
data\raw\casting_data\casting_data\train\ok_front\cast_ok_0_3272.jpeg,0,train,2696,train
data\raw\casting_data\casting_data\train\ok_front\cast_ok_0_3274.jpeg,0,train,663,train
data\raw\casting_data\casting_data\train\ok_front\cast_ok_0_3278.jpeg,0,train,1865,val
data\raw\casting_data\casting_data\train\ok_front\cast_ok_0_3279.jpeg,0,train,3099,train
data\raw\casting_data\casting_data\train\ok_front\cast_ok_0_3281.jpeg,0,train,666,test
data\raw\casting_data\casting_data\train\ok_front\cast_ok_0_3285.jpeg,0,train,667,val
data\raw\casting_data\casting_data\train\ok_front\cast_ok_0_3287.jpeg,0,train,3071,train
data\raw\casting_data\casting_data\train\ok_front\cast_ok_0_3290.jpeg,0,train,669,train
data\raw\casting_data\casting_data\train\ok_front\cast_ok_0_3293.jpeg,0,train,3082,train
data\raw\casting_data\casting_data\train\ok_front\cast_ok_0_3298.jpeg,0,train,671,train
data\raw\casting_data\casting_data\train\ok_front\cast_ok_0_3300.jpeg,0,train,672,val
data\raw\casting_data\casting_data\train\ok_front\cast_ok_0_3304.jpeg,0,train,812,train
data\raw\casting_data\casting_data\train\ok_front\cast_ok_0_3305.jpeg,0,train,1233,test
data\raw\casting_data\casting_data\train\ok_front\cast_ok_0_3307.jpeg,0,train,2244,val
data\raw\casting_data\casting_data\train\ok_front\cast_ok_0_331.jpeg,0,train,1990,train
data\raw\casting_data\casting_data\train\ok_front\cast_ok_0_3311.jpeg,0,train,677,test
data\raw\casting_data\casting_data\train\ok_front\cast_ok_0_3312.jpeg,0,train,678,train
data\raw\casting_data\casting_data\train\ok_front\cast_ok_0_3315.jpeg,0,train,2170,train
data\raw\casting_data\casting_data\train\ok_front\cast_ok_0_3321.jpeg,0,train,2353,train
data\raw\casting_data\casting_data\train\ok_front\cast_ok_0_3322.jpeg,0,train,681,train
data\raw\casting_data\casting_data\train\ok_front\cast_ok_0_3324.jpeg,0,train,3091,test
data\raw\casting_data\casting_data\train\ok_front\cast_ok_0_3326.jpeg,0,train,683,train
data\raw\casting_data\casting_data\train\ok_front\cast_ok_0_3334.jpeg,0,train,1386,train
data\raw\casting_data\casting_data\train\ok_front\cast_ok_0_3340.jpeg,0,train,685,train
data\raw\casting_data\casting_data\train\ok_front\cast_ok_0_3341.jpeg,0,train,686,train
data\raw\casting_data\casting_data\train\ok_front\cast_ok_0_3346.jpeg,0,train,687,train
data\raw\casting_data\casting_data\train\ok_front\cast_ok_0_3348.jpeg,0,train,688,train
data\raw\casting_data\casting_data\train\ok_front\cast_ok_0_3349.jpeg,0,train,2359,train
data\raw\casting_data\casting_data\train\ok_front\cast_ok_0_3362.jpeg,0,train,2069,train
data\raw\casting_data\casting_data\train\ok_front\cast_ok_0_3363.jpeg,0,train,962,train
data\raw\casting_data\casting_data\train\ok_front\cast_ok_0_3378.jpeg,0,train,692,train
data\raw\casting_data\casting_data\train\ok_front\cast_ok_0_3381.jpeg,0,train,3013,train
data\raw\casting_data\casting_data\train\ok_front\cast_ok_0_3383.jpeg,0,train,2783,train
data\raw\casting_data\casting_data\train\ok_front\cast_ok_0_339.jpeg,0,train,1311,train
data\raw\casting_data\casting_data\train\ok_front\cast_ok_0_3392.jpeg,0,train,696,train
data\raw\casting_data\casting_data\train\ok_front\cast_ok_0_3399.jpeg,0,train,2849,val
data\raw\casting_data\casting_data\train\ok_front\cast_ok_0_34.jpeg,0,train,698,train
data\raw\casting_data\casting_data\train\ok_front\cast_ok_0_3414.jpeg,0,train,1731,train
data\raw\casting_data\casting_data\train\ok_front\cast_ok_0_3416.jpeg,0,train,700,train
data\raw\casting_data\casting_data\train\ok_front\cast_ok_0_3420.jpeg,0,train,1201,val
data\raw\casting_data\casting_data\train\ok_front\cast_ok_0_3424.jpeg,0,train,2127,train
data\raw\casting_data\casting_data\train\ok_front\cast_ok_0_3426.jpeg,0,train,3101,val
data\raw\casting_data\casting_data\train\ok_front\cast_ok_0_3430.jpeg,0,train,704,val
data\raw\casting_data\casting_data\train\ok_front\cast_ok_0_3431.jpeg,0,train,705,train
data\raw\casting_data\casting_data\train\ok_front\cast_ok_0_3433.jpeg,0,train,3113,train
data\raw\casting_data\casting_data\train\ok_front\cast_ok_0_3434.jpeg,0,train,1044,train
data\raw\casting_data\casting_data\train\ok_front\cast_ok_0_3436.jpeg,0,train,2813,val
data\raw\casting_data\casting_data\train\ok_front\cast_ok_0_3440.jpeg,0,train,2524,test
data\raw\casting_data\casting_data\train\ok_front\cast_ok_0_3441.jpeg,0,train,1778,val
data\raw\casting_data\casting_data\train\ok_front\cast_ok_0_3443.jpeg,0,train,2864,val
data\raw\casting_data\casting_data\train\ok_front\cast_ok_0_3449.jpeg,0,train,712,train
data\raw\casting_data\casting_data\train\ok_front\cast_ok_0_345.jpeg,0,train,713,train
data\raw\casting_data\casting_data\train\ok_front\cast_ok_0_3450.jpeg,0,train,1500,train
data\raw\casting_data\casting_data\train\ok_front\cast_ok_0_3453.jpeg,0,train,715,train
data\raw\casting_data\casting_data\train\ok_front\cast_ok_0_3454.jpeg,0,train,716,train
data\raw\casting_data\casting_data\train\ok_front\cast_ok_0_3457.jpeg,0,train,1852,train
data\raw\casting_data\casting_data\train\ok_front\cast_ok_0_3459.jpeg,0,train,3025,train
data\raw\casting_data\casting_data\train\ok_front\cast_ok_0_346.jpeg,0,train,2043,train
data\raw\casting_data\casting_data\train\ok_front\cast_ok_0_3460.jpeg,0,train,1388,train
data\raw\casting_data\casting_data\train\ok_front\cast_ok_0_3463.jpeg,0,train,3055,train
data\raw\casting_data\casting_data\train\ok_front\cast_ok_0_3464.jpeg,0,train,3082,train
data\raw\casting_data\casting_data\train\ok_front\cast_ok_0_3469.jpeg,0,train,723,train
data\raw\casting_data\casting_data\train\ok_front\cast_ok_0_3470.jpeg,0,train,1319,train
data\raw\casting_data\casting_data\train\ok_front\cast_ok_0_3472.jpeg,0,train,2327,train
data\raw\casting_data\casting_data\train\ok_front\cast_ok_0_3474.jpeg,0,train,2942,train
data\raw\casting_data\casting_data\train\ok_front\cast_ok_0_3476.jpeg,0,train,727,train
data\raw\casting_data\casting_data\train\ok_front\cast_ok_0_3478.jpeg,0,train,728,train
data\raw\casting_data\casting_data\train\ok_front\cast_ok_0_3479.jpeg,0,train,729,test
data\raw\casting_data\casting_data\train\ok_front\cast_ok_0_3480.jpeg,0,train,730,test
data\raw\casting_data\casting_data\train\ok_front\cast_ok_0_3483.jpeg,0,train,731,train
data\raw\casting_data\casting_data\train\ok_front\cast_ok_0_3489.jpeg,0,train,732,test
data\raw\casting_data\casting_data\train\ok_front\cast_ok_0_349.jpeg,0,train,733,train
data\raw\casting_data\casting_data\train\ok_front\cast_ok_0_3495.jpeg,0,train,734,train
data\raw\casting_data\casting_data\train\ok_front\cast_ok_0_350.jpeg,0,train,735,train
data\raw\casting_data\casting_data\train\ok_front\cast_ok_0_3500.jpeg,0,train,736,train
data\raw\casting_data\casting_data\train\ok_front\cast_ok_0_3501.jpeg,0,train,737,train
data\raw\casting_data\casting_data\train\ok_front\cast_ok_0_3508.jpeg,0,train,1925,train
data\raw\casting_data\casting_data\train\ok_front\cast_ok_0_3509.jpeg,0,train,739,train
data\raw\casting_data\casting_data\train\ok_front\cast_ok_0_3514.jpeg,0,train,1673,train
data\raw\casting_data\casting_data\train\ok_front\cast_ok_0_3519.jpeg,0,train,741,train
data\raw\casting_data\casting_data\train\ok_front\cast_ok_0_3520.jpeg,0,train,742,train
data\raw\casting_data\casting_data\train\ok_front\cast_ok_0_3522.jpeg,0,train,743,train
data\raw\casting_data\casting_data\train\ok_front\cast_ok_0_3527.jpeg,0,train,744,train
data\raw\casting_data\casting_data\train\ok_front\cast_ok_0_3544.jpeg,0,train,2505,val
data\raw\casting_data\casting_data\train\ok_front\cast_ok_0_3545.jpeg,0,train,3013,train
data\raw\casting_data\casting_data\train\ok_front\cast_ok_0_3547.jpeg,0,train,1815,test
data\raw\casting_data\casting_data\train\ok_front\cast_ok_0_3548.jpeg,0,train,748,train
data\raw\casting_data\casting_data\train\ok_front\cast_ok_0_355.jpeg,0,train,3054,train
data\raw\casting_data\casting_data\train\ok_front\cast_ok_0_3557.jpeg,0,train,1975,train
data\raw\casting_data\casting_data\train\ok_front\cast_ok_0_357.jpeg,0,train,2566,val
data\raw\casting_data\casting_data\train\ok_front\cast_ok_0_3570.jpeg,0,train,752,test
data\raw\casting_data\casting_data\train\ok_front\cast_ok_0_3573.jpeg,0,train,3013,train
data\raw\casting_data\casting_data\train\ok_front\cast_ok_0_3574.jpeg,0,train,754,train
data\raw\casting_data\casting_data\train\ok_front\cast_ok_0_3575.jpeg,0,train,2847,train
data\raw\casting_data\casting_data\train\ok_front\cast_ok_0_3576.jpeg,0,train,756,test
data\raw\casting_data\casting_data\train\ok_front\cast_ok_0_3578.jpeg,0,train,3013,train
data\raw\casting_data\casting_data\train\ok_front\cast_ok_0_3581.jpeg,0,train,2753,test
data\raw\casting_data\casting_data\train\ok_front\cast_ok_0_3582.jpeg,0,train,2923,train
data\raw\casting_data\casting_data\train\ok_front\cast_ok_0_3584.jpeg,0,train,2872,train
data\raw\casting_data\casting_data\train\ok_front\cast_ok_0_3588.jpeg,0,train,1976,test
data\raw\casting_data\casting_data\train\ok_front\cast_ok_0_3593.jpeg,0,train,762,test
data\raw\casting_data\casting_data\train\ok_front\cast_ok_0_360.jpeg,0,train,763,train
data\raw\casting_data\casting_data\train\ok_front\cast_ok_0_3600.jpeg,0,train,764,train
data\raw\casting_data\casting_data\train\ok_front\cast_ok_0_3602.jpeg,0,train,2872,train
data\raw\casting_data\casting_data\train\ok_front\cast_ok_0_3605.jpeg,0,train,766,val
data\raw\casting_data\casting_data\train\ok_front\cast_ok_0_3607.jpeg,0,train,767,val
data\raw\casting_data\casting_data\train\ok_front\cast_ok_0_361.jpeg,0,train,768,train
data\raw\casting_data\casting_data\train\ok_front\cast_ok_0_3616.jpeg,0,train,3048,train
data\raw\casting_data\casting_data\train\ok_front\cast_ok_0_3617.jpeg,0,train,770,train
data\raw\casting_data\casting_data\train\ok_front\cast_ok_0_362.jpeg,0,train,771,train
data\raw\casting_data\casting_data\train\ok_front\cast_ok_0_3624.jpeg,0,train,2133,train
data\raw\casting_data\casting_data\train\ok_front\cast_ok_0_3626.jpeg,0,train,2901,train
data\raw\casting_data\casting_data\train\ok_front\cast_ok_0_3628.jpeg,0,train,2528,train
data\raw\casting_data\casting_data\train\ok_front\cast_ok_0_3632.jpeg,0,train,775,val
data\raw\casting_data\casting_data\train\ok_front\cast_ok_0_3634.jpeg,0,train,776,train
data\raw\casting_data\casting_data\train\ok_front\cast_ok_0_3637.jpeg,0,train,2718,train
data\raw\casting_data\casting_data\train\ok_front\cast_ok_0_3638.jpeg,0,train,2288,train
data\raw\casting_data\casting_data\train\ok_front\cast_ok_0_3639.jpeg,0,train,1930,val
data\raw\casting_data\casting_data\train\ok_front\cast_ok_0_364.jpeg,0,train,780,train
data\raw\casting_data\casting_data\train\ok_front\cast_ok_0_3640.jpeg,0,train,781,val
data\raw\casting_data\casting_data\train\ok_front\cast_ok_0_3642.jpeg,0,train,782,train
data\raw\casting_data\casting_data\train\ok_front\cast_ok_0_3645.jpeg,0,train,783,train
data\raw\casting_data\casting_data\train\ok_front\cast_ok_0_3646.jpeg,0,train,2437,train
data\raw\casting_data\casting_data\train\ok_front\cast_ok_0_3647.jpeg,0,train,785,train
data\raw\casting_data\casting_data\train\ok_front\cast_ok_0_3651.jpeg,0,train,3062,train
data\raw\casting_data\casting_data\train\ok_front\cast_ok_0_3655.jpeg,0,train,1778,val
data\raw\casting_data\casting_data\train\ok_front\cast_ok_0_3659.jpeg,0,train,788,val
data\raw\casting_data\casting_data\train\ok_front\cast_ok_0_3660.jpeg,0,train,789,train
data\raw\casting_data\casting_data\train\ok_front\cast_ok_0_3662.jpeg,0,train,790,test
data\raw\casting_data\casting_data\train\ok_front\cast_ok_0_3665.jpeg,0,train,791,train
data\raw\casting_data\casting_data\train\ok_front\cast_ok_0_3666.jpeg,0,train,792,train
data\raw\casting_data\casting_data\train\ok_front\cast_ok_0_3668.jpeg,0,train,2274,train
data\raw\casting_data\casting_data\train\ok_front\cast_ok_0_367.jpeg,0,train,3091,test
data\raw\casting_data\casting_data\train\ok_front\cast_ok_0_3674.jpeg,0,train,2832,train
data\raw\casting_data\casting_data\train\ok_front\cast_ok_0_3675.jpeg,0,train,2945,train
data\raw\casting_data\casting_data\train\ok_front\cast_ok_0_3676.jpeg,0,train,797,train
data\raw\casting_data\casting_data\train\ok_front\cast_ok_0_3677.jpeg,0,train,798,train
data\raw\casting_data\casting_data\train\ok_front\cast_ok_0_3678.jpeg,0,train,799,train
data\raw\casting_data\casting_data\train\ok_front\cast_ok_0_3684.jpeg,0,train,800,train
data\raw\casting_data\casting_data\train\ok_front\cast_ok_0_3686.jpeg,0,train,2318,train
data\raw\casting_data\casting_data\train\ok_front\cast_ok_0_3689.jpeg,0,train,2682,train
data\raw\casting_data\casting_data\train\ok_front\cast_ok_0_369.jpeg,0,train,803,test
data\raw\casting_data\casting_data\train\ok_front\cast_ok_0_3691.jpeg,0,train,3105,train
data\raw\casting_data\casting_data\train\ok_front\cast_ok_0_3692.jpeg,0,train,1862,train
data\raw\casting_data\casting_data\train\ok_front\cast_ok_0_3694.jpeg,0,train,806,test
data\raw\casting_data\casting_data\train\ok_front\cast_ok_0_3699.jpeg,0,train,2278,train
data\raw\casting_data\casting_data\train\ok_front\cast_ok_0_370.jpeg,0,train,3070,train
data\raw\casting_data\casting_data\train\ok_front\cast_ok_0_3701.jpeg,0,train,2449,train
data\raw\casting_data\casting_data\train\ok_front\cast_ok_0_3703.jpeg,0,train,2983,test
data\raw\casting_data\casting_data\train\ok_front\cast_ok_0_3711.jpeg,0,train,811,val
data\raw\casting_data\casting_data\train\ok_front\cast_ok_0_3725.jpeg,0,train,812,train
data\raw\casting_data\casting_data\train\ok_front\cast_ok_0_3727.jpeg,0,train,813,train
data\raw\casting_data\casting_data\train\ok_front\cast_ok_0_3732.jpeg,0,train,814,test
data\raw\casting_data\casting_data\train\ok_front\cast_ok_0_3734.jpeg,0,train,1904,train
data\raw\casting_data\casting_data\train\ok_front\cast_ok_0_3737.jpeg,0,train,816,train
data\raw\casting_data\casting_data\train\ok_front\cast_ok_0_3740.jpeg,0,train,2523,train
data\raw\casting_data\casting_data\train\ok_front\cast_ok_0_3741.jpeg,0,train,818,train
data\raw\casting_data\casting_data\train\ok_front\cast_ok_0_3742.jpeg,0,train,3096,train
data\raw\casting_data\casting_data\train\ok_front\cast_ok_0_3752.jpeg,0,train,2626,train
data\raw\casting_data\casting_data\train\ok_front\cast_ok_0_3758.jpeg,0,train,2359,train
data\raw\casting_data\casting_data\train\ok_front\cast_ok_0_376.jpeg,0,train,3016,train
data\raw\casting_data\casting_data\train\ok_front\cast_ok_0_3760.jpeg,0,train,823,train
data\raw\casting_data\casting_data\train\ok_front\cast_ok_0_3763.jpeg,0,train,824,train
data\raw\casting_data\casting_data\train\ok_front\cast_ok_0_3764.jpeg,0,train,825,train
data\raw\casting_data\casting_data\train\ok_front\cast_ok_0_3766.jpeg,0,train,1873,train
data\raw\casting_data\casting_data\train\ok_front\cast_ok_0_3769.jpeg,0,train,827,train
data\raw\casting_data\casting_data\train\ok_front\cast_ok_0_3770.jpeg,0,train,828,train
data\raw\casting_data\casting_data\train\ok_front\cast_ok_0_3774.jpeg,0,train,829,val
data\raw\casting_data\casting_data\train\ok_front\cast_ok_0_3775.jpeg,0,train,830,val
data\raw\casting_data\casting_data\train\ok_front\cast_ok_0_3777.jpeg,0,train,831,train
data\raw\casting_data\casting_data\train\ok_front\cast_ok_0_3778.jpeg,0,train,2360,test
data\raw\casting_data\casting_data\train\ok_front\cast_ok_0_3779.jpeg,0,train,833,train
data\raw\casting_data\casting_data\train\ok_front\cast_ok_0_379.jpeg,0,train,834,train
data\raw\casting_data\casting_data\train\ok_front\cast_ok_0_3790.jpeg,0,train,835,train
data\raw\casting_data\casting_data\train\ok_front\cast_ok_0_3791.jpeg,0,train,836,train
data\raw\casting_data\casting_data\train\ok_front\cast_ok_0_3793.jpeg,0,train,2772,train
data\raw\casting_data\casting_data\train\ok_front\cast_ok_0_3799.jpeg,0,train,1780,train
data\raw\casting_data\casting_data\train\ok_front\cast_ok_0_3802.jpeg,0,train,839,train
data\raw\casting_data\casting_data\train\ok_front\cast_ok_0_3803.jpeg,0,train,840,train
data\raw\casting_data\casting_data\train\ok_front\cast_ok_0_3805.jpeg,0,train,841,val
data\raw\casting_data\casting_data\train\ok_front\cast_ok_0_3808.jpeg,0,train,842,train
data\raw\casting_data\casting_data\train\ok_front\cast_ok_0_381.jpeg,0,train,2876,val
data\raw\casting_data\casting_data\train\ok_front\cast_ok_0_3812.jpeg,0,train,1456,train
data\raw\casting_data\casting_data\train\ok_front\cast_ok_0_3813.jpeg,0,train,845,train
data\raw\casting_data\casting_data\train\ok_front\cast_ok_0_3819.jpeg,0,train,3105,train
data\raw\casting_data\casting_data\train\ok_front\cast_ok_0_3825.jpeg,0,train,3072,train
data\raw\casting_data\casting_data\train\ok_front\cast_ok_0_3827.jpeg,0,train,2858,train
data\raw\casting_data\casting_data\train\ok_front\cast_ok_0_3829.jpeg,0,train,849,test
data\raw\casting_data\casting_data\train\ok_front\cast_ok_0_3834.jpeg,0,train,850,train
data\raw\casting_data\casting_data\train\ok_front\cast_ok_0_3839.jpeg,0,train,1910,train
data\raw\casting_data\casting_data\train\ok_front\cast_ok_0_3840.jpeg,0,train,3134,train
data\raw\casting_data\casting_data\train\ok_front\cast_ok_0_3842.jpeg,0,train,3129,train
data\raw\casting_data\casting_data\train\ok_front\cast_ok_0_3843.jpeg,0,train,1631,train
data\raw\casting_data\casting_data\train\ok_front\cast_ok_0_3848.jpeg,0,train,855,train
data\raw\casting_data\casting_data\train\ok_front\cast_ok_0_3852.jpeg,0,train,3042,val
data\raw\casting_data\casting_data\train\ok_front\cast_ok_0_3853.jpeg,0,train,857,test
data\raw\casting_data\casting_data\train\ok_front\cast_ok_0_3857.jpeg,0,train,858,train
data\raw\casting_data\casting_data\train\ok_front\cast_ok_0_3858.jpeg,0,train,2403,train
data\raw\casting_data\casting_data\train\ok_front\cast_ok_0_3859.jpeg,0,train,3129,train
data\raw\casting_data\casting_data\train\ok_front\cast_ok_0_3861.jpeg,0,train,2957,test
data\raw\casting_data\casting_data\train\ok_front\cast_ok_0_3863.jpeg,0,train,862,train
data\raw\casting_data\casting_data\train\ok_front\cast_ok_0_3865.jpeg,0,train,3104,train
data\raw\casting_data\casting_data\train\ok_front\cast_ok_0_3872.jpeg,0,train,2046,test
data\raw\casting_data\casting_data\train\ok_front\cast_ok_0_3876.jpeg,0,train,865,val
data\raw\casting_data\casting_data\train\ok_front\cast_ok_0_3878.jpeg,0,train,866,train
data\raw\casting_data\casting_data\train\ok_front\cast_ok_0_3880.jpeg,0,train,2700,train
data\raw\casting_data\casting_data\train\ok_front\cast_ok_0_3889.jpeg,0,train,2999,train
data\raw\casting_data\casting_data\train\ok_front\cast_ok_0_3895.jpeg,0,train,2711,train
data\raw\casting_data\casting_data\train\ok_front\cast_ok_0_3898.jpeg,0,train,870,test
data\raw\casting_data\casting_data\train\ok_front\cast_ok_0_3899.jpeg,0,train,871,train
data\raw\casting_data\casting_data\train\ok_front\cast_ok_0_39.jpeg,0,train,872,train
data\raw\casting_data\casting_data\train\ok_front\cast_ok_0_3902.jpeg,0,train,873,test
data\raw\casting_data\casting_data\train\ok_front\cast_ok_0_3905.jpeg,0,train,874,train
data\raw\casting_data\casting_data\train\ok_front\cast_ok_0_3907.jpeg,0,train,875,val
data\raw\casting_data\casting_data\train\ok_front\cast_ok_0_3909.jpeg,0,train,876,val
data\raw\casting_data\casting_data\train\ok_front\cast_ok_0_3915.jpeg,0,train,2310,test
data\raw\casting_data\casting_data\train\ok_front\cast_ok_0_3916.jpeg,0,train,2669,train
data\raw\casting_data\casting_data\train\ok_front\cast_ok_0_392.jpeg,0,train,879,train
data\raw\casting_data\casting_data\train\ok_front\cast_ok_0_3928.jpeg,0,train,2002,train
data\raw\casting_data\casting_data\train\ok_front\cast_ok_0_3932.jpeg,0,train,2327,train
data\raw\casting_data\casting_data\train\ok_front\cast_ok_0_3933.jpeg,0,train,882,val
data\raw\casting_data\casting_data\train\ok_front\cast_ok_0_3938.jpeg,0,train,2779,train
data\raw\casting_data\casting_data\train\ok_front\cast_ok_0_3948.jpeg,0,train,884,test
data\raw\casting_data\casting_data\train\ok_front\cast_ok_0_3951.jpeg,0,train,885,test
data\raw\casting_data\casting_data\train\ok_front\cast_ok_0_3957.jpeg,0,train,3113,train
data\raw\casting_data\casting_data\train\ok_front\cast_ok_0_3960.jpeg,0,train,3037,train
data\raw\casting_data\casting_data\train\ok_front\cast_ok_0_3961.jpeg,0,train,2193,train
data\raw\casting_data\casting_data\train\ok_front\cast_ok_0_3962.jpeg,0,train,2791,train
data\raw\casting_data\casting_data\train\ok_front\cast_ok_0_3964.jpeg,0,train,890,val
data\raw\casting_data\casting_data\train\ok_front\cast_ok_0_3967.jpeg,0,train,891,val
data\raw\casting_data\casting_data\train\ok_front\cast_ok_0_397.jpeg,0,train,2332,train
data\raw\casting_data\casting_data\train\ok_front\cast_ok_0_3970.jpeg,0,train,893,test
data\raw\casting_data\casting_data\train\ok_front\cast_ok_0_3971.jpeg,0,train,894,test
data\raw\casting_data\casting_data\train\ok_front\cast_ok_0_3975.jpeg,0,train,895,train
data\raw\casting_data\casting_data\train\ok_front\cast_ok_0_398.jpeg,0,train,2230,train
data\raw\casting_data\casting_data\train\ok_front\cast_ok_0_3985.jpeg,0,train,2764,train
data\raw\casting_data\casting_data\train\ok_front\cast_ok_0_3987.jpeg,0,train,3001,train
data\raw\casting_data\casting_data\train\ok_front\cast_ok_0_3989.jpeg,0,train,899,train
data\raw\casting_data\casting_data\train\ok_front\cast_ok_0_3991.jpeg,0,train,900,train
data\raw\casting_data\casting_data\train\ok_front\cast_ok_0_3995.jpeg,0,train,1098,train
data\raw\casting_data\casting_data\train\ok_front\cast_ok_0_40.jpeg,0,train,2859,val
data\raw\casting_data\casting_data\train\ok_front\cast_ok_0_4005.jpeg,0,train,1275,train
data\raw\casting_data\casting_data\train\ok_front\cast_ok_0_4006.jpeg,0,train,3006,train
data\raw\casting_data\casting_data\train\ok_front\cast_ok_0_4007.jpeg,0,train,2735,test
data\raw\casting_data\casting_data\train\ok_front\cast_ok_0_4008.jpeg,0,train,906,train
data\raw\casting_data\casting_data\train\ok_front\cast_ok_0_4009.jpeg,0,train,907,val
data\raw\casting_data\casting_data\train\ok_front\cast_ok_0_4010.jpeg,0,train,908,train
data\raw\casting_data\casting_data\train\ok_front\cast_ok_0_4012.jpeg,0,train,2836,train
data\raw\casting_data\casting_data\train\ok_front\cast_ok_0_4015.jpeg,0,train,1862,train
data\raw\casting_data\casting_data\train\ok_front\cast_ok_0_4016.jpeg,0,train,2836,train
data\raw\casting_data\casting_data\train\ok_front\cast_ok_0_4018.jpeg,0,train,2495,val
data\raw\casting_data\casting_data\train\ok_front\cast_ok_0_402.jpeg,0,train,2942,train
data\raw\casting_data\casting_data\train\ok_front\cast_ok_0_4027.jpeg,0,train,914,train
data\raw\casting_data\casting_data\train\ok_front\cast_ok_0_4029.jpeg,0,train,915,val
data\raw\casting_data\casting_data\train\ok_front\cast_ok_0_4030.jpeg,0,train,2212,train
data\raw\casting_data\casting_data\train\ok_front\cast_ok_0_4031.jpeg,0,train,917,test
data\raw\casting_data\casting_data\train\ok_front\cast_ok_0_4034.jpeg,0,train,918,test
data\raw\casting_data\casting_data\train\ok_front\cast_ok_0_4037.jpeg,0,train,919,train
data\raw\casting_data\casting_data\train\ok_front\cast_ok_0_4039.jpeg,0,train,920,train
data\raw\casting_data\casting_data\train\ok_front\cast_ok_0_4042.jpeg,0,train,921,train
data\raw\casting_data\casting_data\train\ok_front\cast_ok_0_4045.jpeg,0,train,922,train
data\raw\casting_data\casting_data\train\ok_front\cast_ok_0_4046.jpeg,0,train,923,train
data\raw\casting_data\casting_data\train\ok_front\cast_ok_0_4048.jpeg,0,train,924,train
data\raw\casting_data\casting_data\train\ok_front\cast_ok_0_405.jpeg,0,train,925,val
data\raw\casting_data\casting_data\train\ok_front\cast_ok_0_4052.jpeg,0,train,926,test
data\raw\casting_data\casting_data\train\ok_front\cast_ok_0_4063.jpeg,0,train,2804,train
data\raw\casting_data\casting_data\train\ok_front\cast_ok_0_4068.jpeg,0,train,928,train
data\raw\casting_data\casting_data\train\ok_front\cast_ok_0_4069.jpeg,0,train,929,val
data\raw\casting_data\casting_data\train\ok_front\cast_ok_0_407.jpeg,0,train,930,train
data\raw\casting_data\casting_data\train\ok_front\cast_ok_0_4074.jpeg,0,train,1673,train
data\raw\casting_data\casting_data\train\ok_front\cast_ok_0_4075.jpeg,0,train,932,test
data\raw\casting_data\casting_data\train\ok_front\cast_ok_0_4087.jpeg,0,train,2886,train
data\raw\casting_data\casting_data\train\ok_front\cast_ok_0_4088.jpeg,0,train,934,val
data\raw\casting_data\casting_data\train\ok_front\cast_ok_0_4089.jpeg,0,train,935,test
data\raw\casting_data\casting_data\train\ok_front\cast_ok_0_4091.jpeg,0,train,3013,train
data\raw\casting_data\casting_data\train\ok_front\cast_ok_0_41.jpeg,0,train,2797,val
data\raw\casting_data\casting_data\train\ok_front\cast_ok_0_4109.jpeg,0,train,938,train
data\raw\casting_data\casting_data\train\ok_front\cast_ok_0_411.jpeg,0,train,939,train
data\raw\casting_data\casting_data\train\ok_front\cast_ok_0_4111.jpeg,0,train,2069,train
data\raw\casting_data\casting_data\train\ok_front\cast_ok_0_4112.jpeg,0,train,2399,train
data\raw\casting_data\casting_data\train\ok_front\cast_ok_0_4114.jpeg,0,train,942,val
data\raw\casting_data\casting_data\train\ok_front\cast_ok_0_4115.jpeg,0,train,3013,train
data\raw\casting_data\casting_data\train\ok_front\cast_ok_0_4117.jpeg,0,train,2651,train
data\raw\casting_data\casting_data\train\ok_front\cast_ok_0_4118.jpeg,0,train,1076,train
data\raw\casting_data\casting_data\train\ok_front\cast_ok_0_4120.jpeg,0,train,2169,train
data\raw\casting_data\casting_data\train\ok_front\cast_ok_0_4123.jpeg,0,train,1417,test
data\raw\casting_data\casting_data\train\ok_front\cast_ok_0_4127.jpeg,0,train,948,train
data\raw\casting_data\casting_data\train\ok_front\cast_ok_0_4128.jpeg,0,train,949,train
data\raw\casting_data\casting_data\train\ok_front\cast_ok_0_413.jpeg,0,train,950,train
data\raw\casting_data\casting_data\train\ok_front\cast_ok_0_4130.jpeg,0,train,3132,train
data\raw\casting_data\casting_data\train\ok_front\cast_ok_0_4132.jpeg,0,train,952,train
data\raw\casting_data\casting_data\train\ok_front\cast_ok_0_4134.jpeg,0,train,953,train
data\raw\casting_data\casting_data\train\ok_front\cast_ok_0_4137.jpeg,0,train,954,train
data\raw\casting_data\casting_data\train\ok_front\cast_ok_0_4140.jpeg,0,train,955,train
data\raw\casting_data\casting_data\train\ok_front\cast_ok_0_4141.jpeg,0,train,1716,test
data\raw\casting_data\casting_data\train\ok_front\cast_ok_0_4142.jpeg,0,train,957,train
data\raw\casting_data\casting_data\train\ok_front\cast_ok_0_4149.jpeg,0,train,2957,test
data\raw\casting_data\casting_data\train\ok_front\cast_ok_0_415.jpeg,0,train,959,train
data\raw\casting_data\casting_data\train\ok_front\cast_ok_0_4151.jpeg,0,train,3055,train
data\raw\casting_data\casting_data\train\ok_front\cast_ok_0_4152.jpeg,0,train,3113,train
data\raw\casting_data\casting_data\train\ok_front\cast_ok_0_4154.jpeg,0,train,962,train
data\raw\casting_data\casting_data\train\ok_front\cast_ok_0_4155.jpeg,0,train,1572,train
data\raw\casting_data\casting_data\train\ok_front\cast_ok_0_4160.jpeg,0,train,964,train
data\raw\casting_data\casting_data\train\ok_front\cast_ok_0_4167.jpeg,0,train,3075,val
data\raw\casting_data\casting_data\train\ok_front\cast_ok_0_4169.jpeg,0,train,2876,val
data\raw\casting_data\casting_data\train\ok_front\cast_ok_0_4170.jpeg,0,train,2038,train
data\raw\casting_data\casting_data\train\ok_front\cast_ok_0_4172.jpeg,0,train,1778,val
data\raw\casting_data\casting_data\train\ok_front\cast_ok_0_4175.jpeg,0,train,969,train
data\raw\casting_data\casting_data\train\ok_front\cast_ok_0_4178.jpeg,0,train,970,train
data\raw\casting_data\casting_data\train\ok_front\cast_ok_0_4179.jpeg,0,train,971,val
data\raw\casting_data\casting_data\train\ok_front\cast_ok_0_418.jpeg,0,train,972,val
data\raw\casting_data\casting_data\train\ok_front\cast_ok_0_4183.jpeg,0,train,973,train
data\raw\casting_data\casting_data\train\ok_front\cast_ok_0_4184.jpeg,0,train,974,val
data\raw\casting_data\casting_data\train\ok_front\cast_ok_0_4192.jpeg,0,train,2042,train
data\raw\casting_data\casting_data\train\ok_front\cast_ok_0_4197.jpeg,0,train,976,val
data\raw\casting_data\casting_data\train\ok_front\cast_ok_0_4199.jpeg,0,train,977,train
data\raw\casting_data\casting_data\train\ok_front\cast_ok_0_420.jpeg,0,train,2551,val
data\raw\casting_data\casting_data\train\ok_front\cast_ok_0_4202.jpeg,0,train,979,train
data\raw\casting_data\casting_data\train\ok_front\cast_ok_0_4204.jpeg,0,train,980,train
data\raw\casting_data\casting_data\train\ok_front\cast_ok_0_4205.jpeg,0,train,2748,train
data\raw\casting_data\casting_data\train\ok_front\cast_ok_0_4206.jpeg,0,train,2318,train
data\raw\casting_data\casting_data\train\ok_front\cast_ok_0_4208.jpeg,0,train,3062,train
data\raw\casting_data\casting_data\train\ok_front\cast_ok_0_421.jpeg,0,train,984,train
data\raw\casting_data\casting_data\train\ok_front\cast_ok_0_4213.jpeg,0,train,985,test
data\raw\casting_data\casting_data\train\ok_front\cast_ok_0_4214.jpeg,0,train,2526,train
data\raw\casting_data\casting_data\train\ok_front\cast_ok_0_4219.jpeg,0,train,1425,train
data\raw\casting_data\casting_data\train\ok_front\cast_ok_0_4228.jpeg,0,train,988,train
data\raw\casting_data\casting_data\train\ok_front\cast_ok_0_4235.jpeg,0,train,2903,train
data\raw\casting_data\casting_data\train\ok_front\cast_ok_0_4236.jpeg,0,train,990,train
data\raw\casting_data\casting_data\train\ok_front\cast_ok_0_4238.jpeg,0,train,2461,train
data\raw\casting_data\casting_data\train\ok_front\cast_ok_0_4239.jpeg,0,train,992,train
data\raw\casting_data\casting_data\train\ok_front\cast_ok_0_424.jpeg,0,train,1594,train
data\raw\casting_data\casting_data\train\ok_front\cast_ok_0_4245.jpeg,0,train,994,val
data\raw\casting_data\casting_data\train\ok_front\cast_ok_0_4246.jpeg,0,train,2061,train
data\raw\casting_data\casting_data\train\ok_front\cast_ok_0_425.jpeg,0,train,2505,val
data\raw\casting_data\casting_data\train\ok_front\cast_ok_0_4251.jpeg,0,train,2645,test
data\raw\casting_data\casting_data\train\ok_front\cast_ok_0_4252.jpeg,0,train,998,val
data\raw\casting_data\casting_data\train\ok_front\cast_ok_0_4254.jpeg,0,train,999,train
data\raw\casting_data\casting_data\train\ok_front\cast_ok_0_4259.jpeg,0,train,1000,test
data\raw\casting_data\casting_data\train\ok_front\cast_ok_0_426.jpeg,0,train,2855,train
data\raw\casting_data\casting_data\train\ok_front\cast_ok_0_4266.jpeg,0,train,1002,train
data\raw\casting_data\casting_data\train\ok_front\cast_ok_0_427.jpeg,0,train,1673,train
data\raw\casting_data\casting_data\train\ok_front\cast_ok_0_4272.jpeg,0,train,3132,train
data\raw\casting_data\casting_data\train\ok_front\cast_ok_0_4274.jpeg,0,train,1005,train
data\raw\casting_data\casting_data\train\ok_front\cast_ok_0_4275.jpeg,0,train,1006,test
data\raw\casting_data\casting_data\train\ok_front\cast_ok_0_4279.jpeg,0,train,1007,train
data\raw\casting_data\casting_data\train\ok_front\cast_ok_0_4281.jpeg,0,train,1008,test
data\raw\casting_data\casting_data\train\ok_front\cast_ok_0_4287.jpeg,0,train,2787,test
data\raw\casting_data\casting_data\train\ok_front\cast_ok_0_4291.jpeg,0,train,1010,train
data\raw\casting_data\casting_data\train\ok_front\cast_ok_0_4293.jpeg,0,train,1011,val
data\raw\casting_data\casting_data\train\ok_front\cast_ok_0_4299.jpeg,0,train,1012,train
data\raw\casting_data\casting_data\train\ok_front\cast_ok_0_430.jpeg,0,train,1013,train
data\raw\casting_data\casting_data\train\ok_front\cast_ok_0_4300.jpeg,0,train,1014,val
data\raw\casting_data\casting_data\train\ok_front\cast_ok_0_4308.jpeg,0,train,1015,train
data\raw\casting_data\casting_data\train\ok_front\cast_ok_0_4313.jpeg,0,train,1016,train
data\raw\casting_data\casting_data\train\ok_front\cast_ok_0_4316.jpeg,0,train,1017,test
data\raw\casting_data\casting_data\train\ok_front\cast_ok_0_4319.jpeg,0,train,1018,train
data\raw\casting_data\casting_data\train\ok_front\cast_ok_0_432.jpeg,0,train,2746,train
data\raw\casting_data\casting_data\train\ok_front\cast_ok_0_4320.jpeg,0,train,1020,train
data\raw\casting_data\casting_data\train\ok_front\cast_ok_0_4321.jpeg,0,train,1852,train
data\raw\casting_data\casting_data\train\ok_front\cast_ok_0_4325.jpeg,0,train,1022,train
data\raw\casting_data\casting_data\train\ok_front\cast_ok_0_4337.jpeg,0,train,2933,train
data\raw\casting_data\casting_data\train\ok_front\cast_ok_0_434.jpeg,0,train,1024,train
data\raw\casting_data\casting_data\train\ok_front\cast_ok_0_4343.jpeg,0,train,1025,test
data\raw\casting_data\casting_data\train\ok_front\cast_ok_0_4344.jpeg,0,train,1026,train
data\raw\casting_data\casting_data\train\ok_front\cast_ok_0_4346.jpeg,0,train,1027,train
data\raw\casting_data\casting_data\train\ok_front\cast_ok_0_4348.jpeg,0,train,2849,val
data\raw\casting_data\casting_data\train\ok_front\cast_ok_0_4349.jpeg,0,train,1029,train
data\raw\casting_data\casting_data\train\ok_front\cast_ok_0_435.jpeg,0,train,2151,train
data\raw\casting_data\casting_data\train\ok_front\cast_ok_0_4350.jpeg,0,train,1865,val
data\raw\casting_data\casting_data\train\ok_front\cast_ok_0_4351.jpeg,0,train,1099,test
data\raw\casting_data\casting_data\train\ok_front\cast_ok_0_4353.jpeg,0,train,2530,train
data\raw\casting_data\casting_data\train\ok_front\cast_ok_0_4354.jpeg,0,train,1034,val
data\raw\casting_data\casting_data\train\ok_front\cast_ok_0_4362.jpeg,0,train,2379,train
data\raw\casting_data\casting_data\train\ok_front\cast_ok_0_4368.jpeg,0,train,1036,val
data\raw\casting_data\casting_data\train\ok_front\cast_ok_0_4369.jpeg,0,train,2515,val
data\raw\casting_data\casting_data\train\ok_front\cast_ok_0_4371.jpeg,0,train,2423,train
data\raw\casting_data\casting_data\train\ok_front\cast_ok_0_4373.jpeg,0,train,2051,train
data\raw\casting_data\casting_data\train\ok_front\cast_ok_0_4379.jpeg,0,train,1040,train
data\raw\casting_data\casting_data\train\ok_front\cast_ok_0_4380.jpeg,0,train,1041,train
data\raw\casting_data\casting_data\train\ok_front\cast_ok_0_4389.jpeg,0,train,2188,train
data\raw\casting_data\casting_data\train\ok_front\cast_ok_0_4393.jpeg,0,train,1043,train
data\raw\casting_data\casting_data\train\ok_front\cast_ok_0_440.jpeg,0,train,1044,train
data\raw\casting_data\casting_data\train\ok_front\cast_ok_0_4401.jpeg,0,train,3113,train
data\raw\casting_data\casting_data\train\ok_front\cast_ok_0_4402.jpeg,0,train,1046,train
data\raw\casting_data\casting_data\train\ok_front\cast_ok_0_4403.jpeg,0,train,2614,test
data\raw\casting_data\casting_data\train\ok_front\cast_ok_0_4405.jpeg,0,train,2951,train
data\raw\casting_data\casting_data\train\ok_front\cast_ok_0_4407.jpeg,0,train,1049,train
data\raw\casting_data\casting_data\train\ok_front\cast_ok_0_4411.jpeg,0,train,1050,train
data\raw\casting_data\casting_data\train\ok_front\cast_ok_0_4416.jpeg,0,train,1051,train
data\raw\casting_data\casting_data\train\ok_front\cast_ok_0_4418.jpeg,0,train,3113,train
data\raw\casting_data\casting_data\train\ok_front\cast_ok_0_4420.jpeg,0,train,1053,test
data\raw\casting_data\casting_data\train\ok_front\cast_ok_0_4421.jpeg,0,train,1054,train
data\raw\casting_data\casting_data\train\ok_front\cast_ok_0_4424.jpeg,0,train,1055,train
data\raw\casting_data\casting_data\train\ok_front\cast_ok_0_4427.jpeg,0,train,2399,train
data\raw\casting_data\casting_data\train\ok_front\cast_ok_0_4428.jpeg,0,train,1057,train
data\raw\casting_data\casting_data\train\ok_front\cast_ok_0_4437.jpeg,0,train,2449,train
data\raw\casting_data\casting_data\train\ok_front\cast_ok_0_4438.jpeg,0,train,1059,train
data\raw\casting_data\casting_data\train\ok_front\cast_ok_0_444.jpeg,0,train,2700,train
data\raw\casting_data\casting_data\train\ok_front\cast_ok_0_4440.jpeg,0,train,2274,train
data\raw\casting_data\casting_data\train\ok_front\cast_ok_0_4451.jpeg,0,train,2578,train
data\raw\casting_data\casting_data\train\ok_front\cast_ok_0_4454.jpeg,0,train,2836,train
data\raw\casting_data\casting_data\train\ok_front\cast_ok_0_4460.jpeg,0,train,1448,test
data\raw\casting_data\casting_data\train\ok_front\cast_ok_0_4461.jpeg,0,train,3088,train
data\raw\casting_data\casting_data\train\ok_front\cast_ok_0_4462.jpeg,0,train,1066,test
data\raw\casting_data\casting_data\train\ok_front\cast_ok_0_4464.jpeg,0,train,1067,train
data\raw\casting_data\casting_data\train\ok_front\cast_ok_0_4470.jpeg,0,train,1068,train
data\raw\casting_data\casting_data\train\ok_front\cast_ok_0_4471.jpeg,0,train,2626,train
data\raw\casting_data\casting_data\train\ok_front\cast_ok_0_4481.jpeg,0,train,1866,val
data\raw\casting_data\casting_data\train\ok_front\cast_ok_0_4483.jpeg,0,train,2274,train
data\raw\casting_data\casting_data\train\ok_front\cast_ok_0_4487.jpeg,0,train,1072,val
data\raw\casting_data\casting_data\train\ok_front\cast_ok_0_4491.jpeg,0,train,1073,train
data\raw\casting_data\casting_data\train\ok_front\cast_ok_0_4494.jpeg,0,train,2505,val
data\raw\casting_data\casting_data\train\ok_front\cast_ok_0_4495.jpeg,0,train,1075,train
data\raw\casting_data\casting_data\train\ok_front\cast_ok_0_4496.jpeg,0,train,1076,train
data\raw\casting_data\casting_data\train\ok_front\cast_ok_0_45.jpeg,0,train,1077,train
data\raw\casting_data\casting_data\train\ok_front\cast_ok_0_450.jpeg,0,train,1078,train
data\raw\casting_data\casting_data\train\ok_front\cast_ok_0_4500.jpeg,0,train,1992,train
data\raw\casting_data\casting_data\train\ok_front\cast_ok_0_4502.jpeg,0,train,2662,train
data\raw\casting_data\casting_data\train\ok_front\cast_ok_0_4509.jpeg,0,train,2342,train
data\raw\casting_data\casting_data\train\ok_front\cast_ok_0_4512.jpeg,0,train,1082,train
data\raw\casting_data\casting_data\train\ok_front\cast_ok_0_4513.jpeg,0,train,2377,test
data\raw\casting_data\casting_data\train\ok_front\cast_ok_0_4518.jpeg,0,train,1084,train
data\raw\casting_data\casting_data\train\ok_front\cast_ok_0_4519.jpeg,0,train,2194,train
data\raw\casting_data\casting_data\train\ok_front\cast_ok_0_452.jpeg,0,train,3037,train
data\raw\casting_data\casting_data\train\ok_front\cast_ok_0_4523.jpeg,0,train,3088,train
data\raw\casting_data\casting_data\train\ok_front\cast_ok_0_4528.jpeg,0,train,2559,train
data\raw\casting_data\casting_data\train\ok_front\cast_ok_0_4529.jpeg,0,train,1089,train
data\raw\casting_data\casting_data\train\ok_front\cast_ok_0_4534.jpeg,0,train,1780,train
data\raw\casting_data\casting_data\train\ok_front\cast_ok_0_4535.jpeg,0,train,1091,train
data\raw\casting_data\casting_data\train\ok_front\cast_ok_0_454.jpeg,0,train,1092,train
data\raw\casting_data\casting_data\train\ok_front\cast_ok_0_4540.jpeg,0,train,1093,train
data\raw\casting_data\casting_data\train\ok_front\cast_ok_0_4557.jpeg,0,train,1094,train
data\raw\casting_data\casting_data\train\ok_front\cast_ok_0_4560.jpeg,0,train,1274,test
data\raw\casting_data\casting_data\train\ok_front\cast_ok_0_4563.jpeg,0,train,2908,train
data\raw\casting_data\casting_data\train\ok_front\cast_ok_0_4566.jpeg,0,train,1097,val
data\raw\casting_data\casting_data\train\ok_front\cast_ok_0_4567.jpeg,0,train,1098,train
data\raw\casting_data\casting_data\train\ok_front\cast_ok_0_4569.jpeg,0,train,1099,test
data\raw\casting_data\casting_data\train\ok_front\cast_ok_0_4570.jpeg,0,train,1930,val
data\raw\casting_data\casting_data\train\ok_front\cast_ok_0_4574.jpeg,0,train,1101,test
data\raw\casting_data\casting_data\train\ok_front\cast_ok_0_4584.jpeg,0,train,2700,train
data\raw\casting_data\casting_data\train\ok_front\cast_ok_0_4590.jpeg,0,train,1103,train
data\raw\casting_data\casting_data\train\ok_front\cast_ok_0_4597.jpeg,0,train,1823,train
data\raw\casting_data\casting_data\train\ok_front\cast_ok_0_46.jpeg,0,train,1105,train
data\raw\casting_data\casting_data\train\ok_front\cast_ok_0_460.jpeg,0,train,1106,train
data\raw\casting_data\casting_data\train\ok_front\cast_ok_0_4601.jpeg,0,train,2843,test
data\raw\casting_data\casting_data\train\ok_front\cast_ok_0_4607.jpeg,0,train,2243,test
data\raw\casting_data\casting_data\train\ok_front\cast_ok_0_461.jpeg,0,train,2645,test
data\raw\casting_data\casting_data\train\ok_front\cast_ok_0_4619.jpeg,0,train,1110,train
data\raw\casting_data\casting_data\train\ok_front\cast_ok_0_4621.jpeg,0,train,2188,train
data\raw\casting_data\casting_data\train\ok_front\cast_ok_0_4622.jpeg,0,train,2505,val
data\raw\casting_data\casting_data\train\ok_front\cast_ok_0_4623.jpeg,0,train,1113,val
data\raw\casting_data\casting_data\train\ok_front\cast_ok_0_4624.jpeg,0,train,2764,train
data\raw\casting_data\casting_data\train\ok_front\cast_ok_0_463.jpeg,0,train,2813,val
data\raw\casting_data\casting_data\train\ok_front\cast_ok_0_4632.jpeg,0,train,1116,train
data\raw\casting_data\casting_data\train\ok_front\cast_ok_0_4633.jpeg,0,train,2156,test
data\raw\casting_data\casting_data\train\ok_front\cast_ok_0_4634.jpeg,0,train,2506,val
data\raw\casting_data\casting_data\train\ok_front\cast_ok_0_4637.jpeg,0,train,1119,train
data\raw\casting_data\casting_data\train\ok_front\cast_ok_0_4638.jpeg,0,train,1120,val
data\raw\casting_data\casting_data\train\ok_front\cast_ok_0_4642.jpeg,0,train,1121,test
data\raw\casting_data\casting_data\train\ok_front\cast_ok_0_4644.jpeg,0,train,1438,train
data\raw\casting_data\casting_data\train\ok_front\cast_ok_0_4647.jpeg,0,train,1123,train
data\raw\casting_data\casting_data\train\ok_front\cast_ok_0_465.jpeg,0,train,1124,test
data\raw\casting_data\casting_data\train\ok_front\cast_ok_0_4657.jpeg,0,train,2942,train
data\raw\casting_data\casting_data\train\ok_front\cast_ok_0_4658.jpeg,0,train,2515,val
data\raw\casting_data\casting_data\train\ok_front\cast_ok_0_466.jpeg,0,train,1930,val
data\raw\casting_data\casting_data\train\ok_front\cast_ok_0_4660.jpeg,0,train,2533,train
data\raw\casting_data\casting_data\train\ok_front\cast_ok_0_4665.jpeg,0,train,1129,train
data\raw\casting_data\casting_data\train\ok_front\cast_ok_0_467.jpeg,0,train,3113,train
data\raw\casting_data\casting_data\train\ok_front\cast_ok_0_4671.jpeg,0,train,1131,train
data\raw\casting_data\casting_data\train\ok_front\cast_ok_0_4672.jpeg,0,train,1866,val
data\raw\casting_data\casting_data\train\ok_front\cast_ok_0_4678.jpeg,0,train,1326,train
data\raw\casting_data\casting_data\train\ok_front\cast_ok_0_4680.jpeg,0,train,2746,train
data\raw\casting_data\casting_data\train\ok_front\cast_ok_0_4685.jpeg,0,train,2836,train
data\raw\casting_data\casting_data\train\ok_front\cast_ok_0_4687.jpeg,0,train,2645,test
data\raw\casting_data\casting_data\train\ok_front\cast_ok_0_4689.jpeg,0,train,1137,val
data\raw\casting_data\casting_data\train\ok_front\cast_ok_0_4694.jpeg,0,train,1138,train
data\raw\casting_data\casting_data\train\ok_front\cast_ok_0_4696.jpeg,0,train,2592,train
data\raw\casting_data\casting_data\train\ok_front\cast_ok_0_4698.jpeg,0,train,1862,train
data\raw\casting_data\casting_data\train\ok_front\cast_ok_0_4708.jpeg,0,train,1673,train
data\raw\casting_data\casting_data\train\ok_front\cast_ok_0_4711.jpeg,0,train,1286,train
data\raw\casting_data\casting_data\train\ok_front\cast_ok_0_4716.jpeg,0,train,2942,train
data\raw\casting_data\casting_data\train\ok_front\cast_ok_0_4718.jpeg,0,train,1144,val
data\raw\casting_data\casting_data\train\ok_front\cast_ok_0_472.jpeg,0,train,1305,train
data\raw\casting_data\casting_data\train\ok_front\cast_ok_0_4723.jpeg,0,train,1146,train
data\raw\casting_data\casting_data\train\ok_front\cast_ok_0_4725.jpeg,0,train,1147,train
data\raw\casting_data\casting_data\train\ok_front\cast_ok_0_4727.jpeg,0,train,890,val
data\raw\casting_data\casting_data\train\ok_front\cast_ok_0_4729.jpeg,0,train,1949,test
data\raw\casting_data\casting_data\train\ok_front\cast_ok_0_4732.jpeg,0,train,1150,train
data\raw\casting_data\casting_data\train\ok_front\cast_ok_0_4735.jpeg,0,train,1151,val
data\raw\casting_data\casting_data\train\ok_front\cast_ok_0_4736.jpeg,0,train,2115,train
data\raw\casting_data\casting_data\train\ok_front\cast_ok_0_4737.jpeg,0,train,1153,train
data\raw\casting_data\casting_data\train\ok_front\cast_ok_0_4739.jpeg,0,train,3122,train
data\raw\casting_data\casting_data\train\ok_front\cast_ok_0_474.jpeg,0,train,2505,val
data\raw\casting_data\casting_data\train\ok_front\cast_ok_0_4743.jpeg,0,train,1156,train
data\raw\casting_data\casting_data\train\ok_front\cast_ok_0_4748.jpeg,0,train,3075,val
data\raw\casting_data\casting_data\train\ok_front\cast_ok_0_4749.jpeg,0,train,1158,train
data\raw\casting_data\casting_data\train\ok_front\cast_ok_0_4750.jpeg,0,train,1159,train
data\raw\casting_data\casting_data\train\ok_front\cast_ok_0_4751.jpeg,0,train,1160,train
data\raw\casting_data\casting_data\train\ok_front\cast_ok_0_4752.jpeg,0,train,2877,train
data\raw\casting_data\casting_data\train\ok_front\cast_ok_0_4753.jpeg,0,train,1162,train
data\raw\casting_data\casting_data\train\ok_front\cast_ok_0_4755.jpeg,0,train,1163,test
data\raw\casting_data\casting_data\train\ok_front\cast_ok_0_4757.jpeg,0,train,1164,val
data\raw\casting_data\casting_data\train\ok_front\cast_ok_0_4760.jpeg,0,train,1165,train
data\raw\casting_data\casting_data\train\ok_front\cast_ok_0_4769.jpeg,0,train,2957,test
data\raw\casting_data\casting_data\train\ok_front\cast_ok_0_4772.jpeg,0,train,2559,train
data\raw\casting_data\casting_data\train\ok_front\cast_ok_0_4778.jpeg,0,train,1168,train
data\raw\casting_data\casting_data\train\ok_front\cast_ok_0_4779.jpeg,0,train,1846,train
data\raw\casting_data\casting_data\train\ok_front\cast_ok_0_4780.jpeg,0,train,1170,train
data\raw\casting_data\casting_data\train\ok_front\cast_ok_0_4781.jpeg,0,train,2942,train
data\raw\casting_data\casting_data\train\ok_front\cast_ok_0_4783.jpeg,0,train,1992,train
data\raw\casting_data\casting_data\train\ok_front\cast_ok_0_4794.jpeg,0,train,1593,val
data\raw\casting_data\casting_data\train\ok_front\cast_ok_0_4798.jpeg,0,train,2957,test
data\raw\casting_data\casting_data\train\ok_front\cast_ok_0_480.jpeg,0,train,1175,train
data\raw\casting_data\casting_data\train\ok_front\cast_ok_0_4802.jpeg,0,train,1286,train
data\raw\casting_data\casting_data\train\ok_front\cast_ok_0_4816.jpeg,0,train,1177,val
data\raw\casting_data\casting_data\train\ok_front\cast_ok_0_482.jpeg,0,train,1178,train
data\raw\casting_data\casting_data\train\ok_front\cast_ok_0_4821.jpeg,0,train,1179,train
data\raw\casting_data\casting_data\train\ok_front\cast_ok_0_4825.jpeg,0,train,2310,test
data\raw\casting_data\casting_data\train\ok_front\cast_ok_0_4827.jpeg,0,train,1181,test
data\raw\casting_data\casting_data\train\ok_front\cast_ok_0_4830.jpeg,0,train,1182,train
data\raw\casting_data\casting_data\train\ok_front\cast_ok_0_4834.jpeg,0,train,2837,train
data\raw\casting_data\casting_data\train\ok_front\cast_ok_0_4837.jpeg,0,train,1184,train
data\raw\casting_data\casting_data\train\ok_front\cast_ok_0_4838.jpeg,0,train,3046,train
data\raw\casting_data\casting_data\train\ok_front\cast_ok_0_4839.jpeg,0,train,2435,test
data\raw\casting_data\casting_data\train\ok_front\cast_ok_0_4841.jpeg,0,train,1260,train
data\raw\casting_data\casting_data\train\ok_front\cast_ok_0_4854.jpeg,0,train,1188,test
data\raw\casting_data\casting_data\train\ok_front\cast_ok_0_4859.jpeg,0,train,1189,train
data\raw\casting_data\casting_data\train\ok_front\cast_ok_0_4862.jpeg,0,train,1190,train
data\raw\casting_data\casting_data\train\ok_front\cast_ok_0_4866.jpeg,0,train,1930,val
data\raw\casting_data\casting_data\train\ok_front\cast_ok_0_4868.jpeg,0,train,2325,train
data\raw\casting_data\casting_data\train\ok_front\cast_ok_0_4869.jpeg,0,train,1193,train
data\raw\casting_data\casting_data\train\ok_front\cast_ok_0_487.jpeg,0,train,1194,test
data\raw\casting_data\casting_data\train\ok_front\cast_ok_0_4872.jpeg,0,train,1879,train
data\raw\casting_data\casting_data\train\ok_front\cast_ok_0_4873.jpeg,0,train,1196,train
data\raw\casting_data\casting_data\train\ok_front\cast_ok_0_4875.jpeg,0,train,1197,test
data\raw\casting_data\casting_data\train\ok_front\cast_ok_0_4879.jpeg,0,train,2700,train
data\raw\casting_data\casting_data\train\ok_front\cast_ok_0_4880.jpeg,0,train,1199,train
data\raw\casting_data\casting_data\train\ok_front\cast_ok_0_4885.jpeg,0,train,1200,val
data\raw\casting_data\casting_data\train\ok_front\cast_ok_0_4886.jpeg,0,train,1201,val
data\raw\casting_data\casting_data\train\ok_front\cast_ok_0_4888.jpeg,0,train,1202,train
data\raw\casting_data\casting_data\train\ok_front\cast_ok_0_4889.jpeg,0,train,2886,train
data\raw\casting_data\casting_data\train\ok_front\cast_ok_0_4891.jpeg,0,train,2327,train
data\raw\casting_data\casting_data\train\ok_front\cast_ok_0_4892.jpeg,0,train,3098,train
data\raw\casting_data\casting_data\train\ok_front\cast_ok_0_4896.jpeg,0,train,2682,train
data\raw\casting_data\casting_data\train\ok_front\cast_ok_0_4904.jpeg,0,train,1207,train
data\raw\casting_data\casting_data\train\ok_front\cast_ok_0_4905.jpeg,0,train,1208,test
data\raw\casting_data\casting_data\train\ok_front\cast_ok_0_4907.jpeg,0,train,1209,train
data\raw\casting_data\casting_data\train\ok_front\cast_ok_0_4908.jpeg,0,train,1210,val
data\raw\casting_data\casting_data\train\ok_front\cast_ok_0_491.jpeg,0,train,3099,train
data\raw\casting_data\casting_data\train\ok_front\cast_ok_0_4910.jpeg,0,train,1212,train
data\raw\casting_data\casting_data\train\ok_front\cast_ok_0_4912.jpeg,0,train,3048,train
data\raw\casting_data\casting_data\train\ok_front\cast_ok_0_4921.jpeg,0,train,2523,train
data\raw\casting_data\casting_data\train\ok_front\cast_ok_0_4923.jpeg,0,train,1576,train
data\raw\casting_data\casting_data\train\ok_front\cast_ok_0_4927.jpeg,0,train,1216,train
data\raw\casting_data\casting_data\train\ok_front\cast_ok_0_4931.jpeg,0,train,3103,test
data\raw\casting_data\casting_data\train\ok_front\cast_ok_0_4934.jpeg,0,train,2452,test
data\raw\casting_data\casting_data\train\ok_front\cast_ok_0_4938.jpeg,0,train,3046,train
data\raw\casting_data\casting_data\train\ok_front\cast_ok_0_4944.jpeg,0,train,1220,train
data\raw\casting_data\casting_data\train\ok_front\cast_ok_0_4947.jpeg,0,train,1221,train
data\raw\casting_data\casting_data\train\ok_front\cast_ok_0_4949.jpeg,0,train,2058,train
data\raw\casting_data\casting_data\train\ok_front\cast_ok_0_4954.jpeg,0,train,3037,train
data\raw\casting_data\casting_data\train\ok_front\cast_ok_0_4955.jpeg,0,train,2420,train
data\raw\casting_data\casting_data\train\ok_front\cast_ok_0_4957.jpeg,0,train,1225,train
data\raw\casting_data\casting_data\train\ok_front\cast_ok_0_4959.jpeg,0,train,1695,val
data\raw\casting_data\casting_data\train\ok_front\cast_ok_0_496.jpeg,0,train,1227,train
data\raw\casting_data\casting_data\train\ok_front\cast_ok_0_4961.jpeg,0,train,1228,train
data\raw\casting_data\casting_data\train\ok_front\cast_ok_0_4962.jpeg,0,train,1229,test
data\raw\casting_data\casting_data\train\ok_front\cast_ok_0_4963.jpeg,0,train,2779,train
data\raw\casting_data\casting_data\train\ok_front\cast_ok_0_4967.jpeg,0,train,2133,train
data\raw\casting_data\casting_data\train\ok_front\cast_ok_0_497.jpeg,0,train,2782,train
data\raw\casting_data\casting_data\train\ok_front\cast_ok_0_4970.jpeg,0,train,1233,test
data\raw\casting_data\casting_data\train\ok_front\cast_ok_0_4972.jpeg,0,train,1234,train
data\raw\casting_data\casting_data\train\ok_front\cast_ok_0_4973.jpeg,0,train,2662,train
data\raw\casting_data\casting_data\train\ok_front\cast_ok_0_4974.jpeg,0,train,3013,train
data\raw\casting_data\casting_data\train\ok_front\cast_ok_0_4975.jpeg,0,train,1673,train
data\raw\casting_data\casting_data\train\ok_front\cast_ok_0_4976.jpeg,0,train,1238,val
data\raw\casting_data\casting_data\train\ok_front\cast_ok_0_4986.jpeg,0,train,1239,train
data\raw\casting_data\casting_data\train\ok_front\cast_ok_0_4987.jpeg,0,train,2086,train
data\raw\casting_data\casting_data\train\ok_front\cast_ok_0_4989.jpeg,0,train,1241,train
data\raw\casting_data\casting_data\train\ok_front\cast_ok_0_499.jpeg,0,train,1242,train
data\raw\casting_data\casting_data\train\ok_front\cast_ok_0_4990.jpeg,0,train,1243,val
data\raw\casting_data\casting_data\train\ok_front\cast_ok_0_4993.jpeg,0,train,2769,test
data\raw\casting_data\casting_data\train\ok_front\cast_ok_0_4994.jpeg,0,train,2882,train
data\raw\casting_data\casting_data\train\ok_front\cast_ok_0_5003.jpeg,0,train,1246,train
data\raw\casting_data\casting_data\train\ok_front\cast_ok_0_5006.jpeg,0,train,1247,train
data\raw\casting_data\casting_data\train\ok_front\cast_ok_0_5007.jpeg,0,train,2069,train
data\raw\casting_data\casting_data\train\ok_front\cast_ok_0_5008.jpeg,0,train,1249,train
data\raw\casting_data\casting_data\train\ok_front\cast_ok_0_501.jpeg,0,train,1793,train
data\raw\casting_data\casting_data\train\ok_front\cast_ok_0_5012.jpeg,0,train,1251,train
data\raw\casting_data\casting_data\train\ok_front\cast_ok_0_5013.jpeg,0,train,1252,train
data\raw\casting_data\casting_data\train\ok_front\cast_ok_0_5019.jpeg,0,train,2591,val
data\raw\casting_data\casting_data\train\ok_front\cast_ok_0_5021.jpeg,0,train,1572,train
data\raw\casting_data\casting_data\train\ok_front\cast_ok_0_5023.jpeg,0,train,2624,test
data\raw\casting_data\casting_data\train\ok_front\cast_ok_0_503.jpeg,0,train,1256,val
data\raw\casting_data\casting_data\train\ok_front\cast_ok_0_5031.jpeg,0,train,2746,train
data\raw\casting_data\casting_data\train\ok_front\cast_ok_0_5032.jpeg,0,train,2811,val
data\raw\casting_data\casting_data\train\ok_front\cast_ok_0_5033.jpeg,0,train,1259,train
data\raw\casting_data\casting_data\train\ok_front\cast_ok_0_5034.jpeg,0,train,1260,train
data\raw\casting_data\casting_data\train\ok_front\cast_ok_0_5035.jpeg,0,train,1821,train
data\raw\casting_data\casting_data\train\ok_front\cast_ok_0_5042.jpeg,0,train,3031,train
data\raw\casting_data\casting_data\train\ok_front\cast_ok_0_5044.jpeg,0,train,1263,val
data\raw\casting_data\casting_data\train\ok_front\cast_ok_0_5048.jpeg,0,train,1264,test
data\raw\casting_data\casting_data\train\ok_front\cast_ok_0_505.jpeg,0,train,1265,train
data\raw\casting_data\casting_data\train\ok_front\cast_ok_0_5050.jpeg,0,train,1266,train
data\raw\casting_data\casting_data\train\ok_front\cast_ok_0_5055.jpeg,0,train,2075,train
data\raw\casting_data\casting_data\train\ok_front\cast_ok_0_5056.jpeg,0,train,2295,train
data\raw\casting_data\casting_data\train\ok_front\cast_ok_0_5057.jpeg,0,train,1562,train
data\raw\casting_data\casting_data\train\ok_front\cast_ok_0_5060.jpeg,0,train,1986,val
data\raw\casting_data\casting_data\train\ok_front\cast_ok_0_5064.jpeg,0,train,1271,val
data\raw\casting_data\casting_data\train\ok_front\cast_ok_0_5068.jpeg,0,train,1272,val
data\raw\casting_data\casting_data\train\ok_front\cast_ok_0_507.jpeg,0,train,2447,train
data\raw\casting_data\casting_data\train\ok_front\cast_ok_0_5071.jpeg,0,train,1274,test
data\raw\casting_data\casting_data\train\ok_front\cast_ok_0_5073.jpeg,0,train,1275,train
data\raw\casting_data\casting_data\train\ok_front\cast_ok_0_5074.jpeg,0,train,1992,train
data\raw\casting_data\casting_data\train\ok_front\cast_ok_0_5078.jpeg,0,train,2791,train
data\raw\casting_data\casting_data\train\ok_front\cast_ok_0_5079.jpeg,0,train,1278,train
data\raw\casting_data\casting_data\train\ok_front\cast_ok_0_5084.jpeg,0,train,1470,test
data\raw\casting_data\casting_data\train\ok_front\cast_ok_0_5086.jpeg,0,train,1448,test
data\raw\casting_data\casting_data\train\ok_front\cast_ok_0_5087.jpeg,0,train,1281,train
data\raw\casting_data\casting_data\train\ok_front\cast_ok_0_5089.jpeg,0,train,1282,train
data\raw\casting_data\casting_data\train\ok_front\cast_ok_0_5094.jpeg,0,train,1576,train
data\raw\casting_data\casting_data\train\ok_front\cast_ok_0_5096.jpeg,0,train,2651,train
data\raw\casting_data\casting_data\train\ok_front\cast_ok_0_5097.jpeg,0,train,3013,train
data\raw\casting_data\casting_data\train\ok_front\cast_ok_0_51.jpeg,0,train,1286,train
data\raw\casting_data\casting_data\train\ok_front\cast_ok_0_510.jpeg,0,train,2505,val
data\raw\casting_data\casting_data\train\ok_front\cast_ok_0_5102.jpeg,0,train,1288,train
data\raw\casting_data\casting_data\train\ok_front\cast_ok_0_5105.jpeg,0,train,1289,val
data\raw\casting_data\casting_data\train\ok_front\cast_ok_0_5108.jpeg,0,train,1290,test
data\raw\casting_data\casting_data\train\ok_front\cast_ok_0_5109.jpeg,0,train,2769,test
data\raw\casting_data\casting_data\train\ok_front\cast_ok_0_511.jpeg,0,train,1292,train
data\raw\casting_data\casting_data\train\ok_front\cast_ok_0_5110.jpeg,0,train,1371,train
data\raw\casting_data\casting_data\train\ok_front\cast_ok_0_5116.jpeg,0,train,2521,val
data\raw\casting_data\casting_data\train\ok_front\cast_ok_0_5117.jpeg,0,train,1295,train
data\raw\casting_data\casting_data\train\ok_front\cast_ok_0_5118.jpeg,0,train,1296,train
data\raw\casting_data\casting_data\train\ok_front\cast_ok_0_5125.jpeg,0,train,2662,train
data\raw\casting_data\casting_data\train\ok_front\cast_ok_0_5129.jpeg,0,train,2410,train
data\raw\casting_data\casting_data\train\ok_front\cast_ok_0_5141.jpeg,0,train,1727,train
data\raw\casting_data\casting_data\train\ok_front\cast_ok_0_5143.jpeg,0,train,1300,train
data\raw\casting_data\casting_data\train\ok_front\cast_ok_0_5150.jpeg,0,train,1301,test
data\raw\casting_data\casting_data\train\ok_front\cast_ok_0_5153.jpeg,0,train,1302,val
data\raw\casting_data\casting_data\train\ok_front\cast_ok_0_5155.jpeg,0,train,1303,val
data\raw\casting_data\casting_data\train\ok_front\cast_ok_0_5158.jpeg,0,train,1304,train
data\raw\casting_data\casting_data\train\ok_front\cast_ok_0_5160.jpeg,0,train,1305,train
data\raw\casting_data\casting_data\train\ok_front\cast_ok_0_5164.jpeg,0,train,2683,train
data\raw\casting_data\casting_data\train\ok_front\cast_ok_0_5167.jpeg,0,train,2865,train
data\raw\casting_data\casting_data\train\ok_front\cast_ok_0_5168.jpeg,0,train,1308,train
data\raw\casting_data\casting_data\train\ok_front\cast_ok_0_519.jpeg,0,train,1309,train
data\raw\casting_data\casting_data\train\ok_front\cast_ok_0_5194.jpeg,0,train,1310,train
data\raw\casting_data\casting_data\train\ok_front\cast_ok_0_5196.jpeg,0,train,1311,train
data\raw\casting_data\casting_data\train\ok_front\cast_ok_0_5201.jpeg,0,train,3091,test
data\raw\casting_data\casting_data\train\ok_front\cast_ok_0_5203.jpeg,0,train,2574,val
data\raw\casting_data\casting_data\train\ok_front\cast_ok_0_5205.jpeg,0,train,2449,train
data\raw\casting_data\casting_data\train\ok_front\cast_ok_0_5208.jpeg,0,train,3069,test
data\raw\casting_data\casting_data\train\ok_front\cast_ok_0_5216.jpeg,0,train,1316,train
data\raw\casting_data\casting_data\train\ok_front\cast_ok_0_5219.jpeg,0,train,2870,train
data\raw\casting_data\casting_data\train\ok_front\cast_ok_0_5220.jpeg,0,train,2662,train
data\raw\casting_data\casting_data\train\ok_front\cast_ok_0_5223.jpeg,0,train,1319,train
data\raw\casting_data\casting_data\train\ok_front\cast_ok_0_5226.jpeg,0,train,1320,val
data\raw\casting_data\casting_data\train\ok_front\cast_ok_0_5228.jpeg,0,train,1321,train
data\raw\casting_data\casting_data\train\ok_front\cast_ok_0_5237.jpeg,0,train,1322,train
data\raw\casting_data\casting_data\train\ok_front\cast_ok_0_5238.jpeg,0,train,2802,val
data\raw\casting_data\casting_data\train\ok_front\cast_ok_0_5242.jpeg,0,train,1324,train
data\raw\casting_data\casting_data\train\ok_front\cast_ok_0_5244.jpeg,0,train,1325,train
data\raw\casting_data\casting_data\train\ok_front\cast_ok_0_5249.jpeg,0,train,1326,train
data\raw\casting_data\casting_data\train\ok_front\cast_ok_0_5250.jpeg,0,train,1327,train
data\raw\casting_data\casting_data\train\ok_front\cast_ok_0_5257.jpeg,0,train,3072,train
data\raw\casting_data\casting_data\train\ok_front\cast_ok_0_5258.jpeg,0,train,1871,train
data\raw\casting_data\casting_data\train\ok_front\cast_ok_0_5260.jpeg,0,train,3087,train
data\raw\casting_data\casting_data\train\ok_front\cast_ok_0_5263.jpeg,0,train,2951,train
data\raw\casting_data\casting_data\train\ok_front\cast_ok_0_5268.jpeg,0,train,1332,train
data\raw\casting_data\casting_data\train\ok_front\cast_ok_0_5270.jpeg,0,train,1333,test
data\raw\casting_data\casting_data\train\ok_front\cast_ok_0_5278.jpeg,0,train,1334,train
data\raw\casting_data\casting_data\train\ok_front\cast_ok_0_5280.jpeg,0,train,1335,train
data\raw\casting_data\casting_data\train\ok_front\cast_ok_0_5283.jpeg,0,train,1336,test
data\raw\casting_data\casting_data\train\ok_front\cast_ok_0_5288.jpeg,0,train,3106,train
data\raw\casting_data\casting_data\train\ok_front\cast_ok_0_529.jpeg,0,train,2748,train
data\raw\casting_data\casting_data\train\ok_front\cast_ok_0_5293.jpeg,0,train,1339,train
data\raw\casting_data\casting_data\train\ok_front\cast_ok_0_5295.jpeg,0,train,2284,val
data\raw\casting_data\casting_data\train\ok_front\cast_ok_0_5303.jpeg,0,train,1912,test
data\raw\casting_data\casting_data\train\ok_front\cast_ok_0_5307.jpeg,0,train,1804,train
data\raw\casting_data\casting_data\train\ok_front\cast_ok_0_5309.jpeg,0,train,1782,val
data\raw\casting_data\casting_data\train\ok_front\cast_ok_0_5314.jpeg,0,train,2952,train
data\raw\casting_data\casting_data\train\ok_front\cast_ok_0_532.jpeg,0,train,1345,train
data\raw\casting_data\casting_data\train\ok_front\cast_ok_0_5320.jpeg,0,train,1346,train
data\raw\casting_data\casting_data\train\ok_front\cast_ok_0_5322.jpeg,0,train,2515,val
data\raw\casting_data\casting_data\train\ok_front\cast_ok_0_5323.jpeg,0,train,1348,train
data\raw\casting_data\casting_data\train\ok_front\cast_ok_0_5325.jpeg,0,train,1349,train
data\raw\casting_data\casting_data\train\ok_front\cast_ok_0_5326.jpeg,0,train,1892,test
data\raw\casting_data\casting_data\train\ok_front\cast_ok_0_5330.jpeg,0,train,2282,val
data\raw\casting_data\casting_data\train\ok_front\cast_ok_0_5332.jpeg,0,train,2399,train
data\raw\casting_data\casting_data\train\ok_front\cast_ok_0_5335.jpeg,0,train,2578,train
data\raw\casting_data\casting_data\train\ok_front\cast_ok_0_5338.jpeg,0,train,2787,test
data\raw\casting_data\casting_data\train\ok_front\cast_ok_0_5339.jpeg,0,train,2844,train
data\raw\casting_data\casting_data\train\ok_front\cast_ok_0_534.jpeg,0,train,1937,train
data\raw\casting_data\casting_data\train\ok_front\cast_ok_0_5341.jpeg,0,train,1357,train
data\raw\casting_data\casting_data\train\ok_front\cast_ok_0_5346.jpeg,0,train,1358,test
data\raw\casting_data\casting_data\train\ok_front\cast_ok_0_5349.jpeg,0,train,1359,train
data\raw\casting_data\casting_data\train\ok_front\cast_ok_0_5351.jpeg,0,train,1360,train
data\raw\casting_data\casting_data\train\ok_front\cast_ok_0_5360.jpeg,0,train,1361,test
data\raw\casting_data\casting_data\train\ok_front\cast_ok_0_5364.jpeg,0,train,2578,train
data\raw\casting_data\casting_data\train\ok_front\cast_ok_0_5366.jpeg,0,train,2432,test
data\raw\casting_data\casting_data\train\ok_front\cast_ok_0_5367.jpeg,0,train,1364,train
data\raw\casting_data\casting_data\train\ok_front\cast_ok_0_5372.jpeg,0,train,1365,val
data\raw\casting_data\casting_data\train\ok_front\cast_ok_0_5375.jpeg,0,train,2181,test
data\raw\casting_data\casting_data\train\ok_front\cast_ok_0_5376.jpeg,0,train,3035,train
data\raw\casting_data\casting_data\train\ok_front\cast_ok_0_5379.jpeg,0,train,1368,train
data\raw\casting_data\casting_data\train\ok_front\cast_ok_0_5388.jpeg,0,train,1369,train
data\raw\casting_data\casting_data\train\ok_front\cast_ok_0_539.jpeg,0,train,2399,train
data\raw\casting_data\casting_data\train\ok_front\cast_ok_0_5392.jpeg,0,train,1371,train
data\raw\casting_data\casting_data\train\ok_front\cast_ok_0_5398.jpeg,0,train,1372,train
data\raw\casting_data\casting_data\train\ok_front\cast_ok_0_5399.jpeg,0,train,2318,train
data\raw\casting_data\casting_data\train\ok_front\cast_ok_0_540.jpeg,0,train,2476,train
data\raw\casting_data\casting_data\train\ok_front\cast_ok_0_5407.jpeg,0,train,1778,val
data\raw\casting_data\casting_data\train\ok_front\cast_ok_0_5408.jpeg,0,train,1376,train
data\raw\casting_data\casting_data\train\ok_front\cast_ok_0_541.jpeg,0,train,1377,val
data\raw\casting_data\casting_data\train\ok_front\cast_ok_0_5411.jpeg,0,train,1378,train
data\raw\casting_data\casting_data\train\ok_front\cast_ok_0_5413.jpeg,0,train,1379,train
data\raw\casting_data\casting_data\train\ok_front\cast_ok_0_5414.jpeg,0,train,1380,train
data\raw\casting_data\casting_data\train\ok_front\cast_ok_0_5418.jpeg,0,train,1500,train
data\raw\casting_data\casting_data\train\ok_front\cast_ok_0_5425.jpeg,0,train,1382,train
data\raw\casting_data\casting_data\train\ok_front\cast_ok_0_5427.jpeg,0,train,1383,train
data\raw\casting_data\casting_data\train\ok_front\cast_ok_0_5429.jpeg,0,train,2115,train
data\raw\casting_data\casting_data\train\ok_front\cast_ok_0_5431.jpeg,0,train,1385,test
data\raw\casting_data\casting_data\train\ok_front\cast_ok_0_5433.jpeg,0,train,1386,train
data\raw\casting_data\casting_data\train\ok_front\cast_ok_0_5447.jpeg,0,train,2528,train
data\raw\casting_data\casting_data\train\ok_front\cast_ok_0_545.jpeg,0,train,1388,train
data\raw\casting_data\casting_data\train\ok_front\cast_ok_0_5457.jpeg,0,train,2735,test
data\raw\casting_data\casting_data\train\ok_front\cast_ok_0_5458.jpeg,0,train,2748,train
data\raw\casting_data\casting_data\train\ok_front\cast_ok_0_5461.jpeg,0,train,1391,train
data\raw\casting_data\casting_data\train\ok_front\cast_ok_0_5462.jpeg,0,train,1417,test
data\raw\casting_data\casting_data\train\ok_front\cast_ok_0_5464.jpeg,0,train,1393,train
data\raw\casting_data\casting_data\train\ok_front\cast_ok_0_5465.jpeg,0,train,1394,test
data\raw\casting_data\casting_data\train\ok_front\cast_ok_0_5466.jpeg,0,train,1395,val
data\raw\casting_data\casting_data\train\ok_front\cast_ok_0_5469.jpeg,0,train,2504,train
data\raw\casting_data\casting_data\train\ok_front\cast_ok_0_5470.jpeg,0,train,3093,val
data\raw\casting_data\casting_data\train\ok_front\cast_ok_0_5480.jpeg,0,train,3088,train
data\raw\casting_data\casting_data\train\ok_front\cast_ok_0_5481.jpeg,0,train,1399,test
data\raw\casting_data\casting_data\train\ok_front\cast_ok_0_5488.jpeg,0,train,1400,test
data\raw\casting_data\casting_data\train\ok_front\cast_ok_0_549.jpeg,0,train,2942,train
data\raw\casting_data\casting_data\train\ok_front\cast_ok_0_5495.jpeg,0,train,1402,val
data\raw\casting_data\casting_data\train\ok_front\cast_ok_0_5496.jpeg,0,train,1403,test
data\raw\casting_data\casting_data\train\ok_front\cast_ok_0_55.jpeg,0,train,2746,train
data\raw\casting_data\casting_data\train\ok_front\cast_ok_0_5500.jpeg,0,train,3082,train
data\raw\casting_data\casting_data\train\ok_front\cast_ok_0_5501.jpeg,0,train,2930,train
data\raw\casting_data\casting_data\train\ok_front\cast_ok_0_5505.jpeg,0,train,1407,val
data\raw\casting_data\casting_data\train\ok_front\cast_ok_0_551.jpeg,0,train,1492,train
data\raw\casting_data\casting_data\train\ok_front\cast_ok_0_5512.jpeg,0,train,2288,train
data\raw\casting_data\casting_data\train\ok_front\cast_ok_0_5515.jpeg,0,train,2913,train
data\raw\casting_data\casting_data\train\ok_front\cast_ok_0_5519.jpeg,0,train,1411,train
data\raw\casting_data\casting_data\train\ok_front\cast_ok_0_552.jpeg,0,train,1412,train
data\raw\casting_data\casting_data\train\ok_front\cast_ok_0_5521.jpeg,0,train,1413,train
data\raw\casting_data\casting_data\train\ok_front\cast_ok_0_5522.jpeg,0,train,1414,train
data\raw\casting_data\casting_data\train\ok_front\cast_ok_0_5525.jpeg,0,train,2204,val
data\raw\casting_data\casting_data\train\ok_front\cast_ok_0_553.jpeg,0,train,2947,test
data\raw\casting_data\casting_data\train\ok_front\cast_ok_0_5531.jpeg,0,train,1417,test
data\raw\casting_data\casting_data\train\ok_front\cast_ok_0_5533.jpeg,0,train,2804,train
data\raw\casting_data\casting_data\train\ok_front\cast_ok_0_5535.jpeg,0,train,1419,train
data\raw\casting_data\casting_data\train\ok_front\cast_ok_0_5536.jpeg,0,train,1420,train
data\raw\casting_data\casting_data\train\ok_front\cast_ok_0_5541.jpeg,0,train,1421,val
data\raw\casting_data\casting_data\train\ok_front\cast_ok_0_5542.jpeg,0,train,2327,train
data\raw\casting_data\casting_data\train\ok_front\cast_ok_0_5544.jpeg,0,train,1423,val
data\raw\casting_data\casting_data\train\ok_front\cast_ok_0_5549.jpeg,0,train,1424,train
data\raw\casting_data\casting_data\train\ok_front\cast_ok_0_555.jpeg,0,train,1425,train
data\raw\casting_data\casting_data\train\ok_front\cast_ok_0_5551.jpeg,0,train,1975,train
data\raw\casting_data\casting_data\train\ok_front\cast_ok_0_5552.jpeg,0,train,1427,train
data\raw\casting_data\casting_data\train\ok_front\cast_ok_0_5553.jpeg,0,train,1428,test
data\raw\casting_data\casting_data\train\ok_front\cast_ok_0_5556.jpeg,0,train,3098,train
data\raw\casting_data\casting_data\train\ok_front\cast_ok_0_556.jpeg,0,train,1430,train
data\raw\casting_data\casting_data\train\ok_front\cast_ok_0_5562.jpeg,0,train,1431,val
data\raw\casting_data\casting_data\train\ok_front\cast_ok_0_557.jpeg,0,train,1432,train
data\raw\casting_data\casting_data\train\ok_front\cast_ok_0_5570.jpeg,0,train,2204,val
data\raw\casting_data\casting_data\train\ok_front\cast_ok_0_5571.jpeg,0,train,3374,train
data\raw\casting_data\casting_data\train\ok_front\cast_ok_0_5575.jpeg,0,train,1435,train
data\raw\casting_data\casting_data\train\ok_front\cast_ok_0_5579.jpeg,0,train,1436,train
data\raw\casting_data\casting_data\train\ok_front\cast_ok_0_5587.jpeg,0,train,1437,test
data\raw\casting_data\casting_data\train\ok_front\cast_ok_0_5592.jpeg,0,train,1438,train
data\raw\casting_data\casting_data\train\ok_front\cast_ok_0_5596.jpeg,0,train,1439,train
data\raw\casting_data\casting_data\train\ok_front\cast_ok_0_5598.jpeg,0,train,1861,train
data\raw\casting_data\casting_data\train\ok_front\cast_ok_0_560.jpeg,0,train,1441,val
data\raw\casting_data\casting_data\train\ok_front\cast_ok_0_5600.jpeg,0,train,2682,train
data\raw\casting_data\casting_data\train\ok_front\cast_ok_0_5602.jpeg,0,train,2574,val
data\raw\casting_data\casting_data\train\ok_front\cast_ok_0_5609.jpeg,0,train,2374,train
data\raw\casting_data\casting_data\train\ok_front\cast_ok_0_5610.jpeg,0,train,2632,train
data\raw\casting_data\casting_data\train\ok_front\cast_ok_0_5611.jpeg,0,train,2080,test
data\raw\casting_data\casting_data\train\ok_front\cast_ok_0_5612.jpeg,0,train,2934,val
data\raw\casting_data\casting_data\train\ok_front\cast_ok_0_5618.jpeg,0,train,1448,test
data\raw\casting_data\casting_data\train\ok_front\cast_ok_0_5620.jpeg,0,train,1449,val
data\raw\casting_data\casting_data\train\ok_front\cast_ok_0_5622.jpeg,0,train,2275,test
data\raw\casting_data\casting_data\train\ok_front\cast_ok_0_5629.jpeg,0,train,2381,test
data\raw\casting_data\casting_data\train\ok_front\cast_ok_0_5634.jpeg,0,train,1987,test
data\raw\casting_data\casting_data\train\ok_front\cast_ok_0_5635.jpeg,0,train,2660,train
data\raw\casting_data\casting_data\train\ok_front\cast_ok_0_5638.jpeg,0,train,1454,train
data\raw\casting_data\casting_data\train\ok_front\cast_ok_0_5641.jpeg,0,train,1455,val
data\raw\casting_data\casting_data\train\ok_front\cast_ok_0_5642.jpeg,0,train,1456,train
data\raw\casting_data\casting_data\train\ok_front\cast_ok_0_5645.jpeg,0,train,1457,train
data\raw\casting_data\casting_data\train\ok_front\cast_ok_0_5648.jpeg,0,train,3168,train
data\raw\casting_data\casting_data\train\ok_front\cast_ok_0_5649.jpeg,0,train,1459,train
data\raw\casting_data\casting_data\train\ok_front\cast_ok_0_565.jpeg,0,train,2889,train
data\raw\casting_data\casting_data\train\ok_front\cast_ok_0_5651.jpeg,0,train,1461,train
data\raw\casting_data\casting_data\train\ok_front\cast_ok_0_5659.jpeg,0,train,1645,train
data\raw\casting_data\casting_data\train\ok_front\cast_ok_0_5662.jpeg,0,train,1463,train
data\raw\casting_data\casting_data\train\ok_front\cast_ok_0_5663.jpeg,0,train,1464,val
data\raw\casting_data\casting_data\train\ok_front\cast_ok_0_5666.jpeg,0,train,1465,train
data\raw\casting_data\casting_data\train\ok_front\cast_ok_0_567.jpeg,0,train,2912,train
data\raw\casting_data\casting_data\train\ok_front\cast_ok_0_5676.jpeg,0,train,1508,train
data\raw\casting_data\casting_data\train\ok_front\cast_ok_0_5683.jpeg,0,train,1468,train
data\raw\casting_data\casting_data\train\ok_front\cast_ok_0_5696.jpeg,0,train,1469,train
data\raw\casting_data\casting_data\train\ok_front\cast_ok_0_5698.jpeg,0,train,1470,test
data\raw\casting_data\casting_data\train\ok_front\cast_ok_0_5699.jpeg,0,train,2390,train
data\raw\casting_data\casting_data\train\ok_front\cast_ok_0_57.jpeg,0,train,1472,test
data\raw\casting_data\casting_data\train\ok_front\cast_ok_0_570.jpeg,0,train,1473,val
data\raw\casting_data\casting_data\train\ok_front\cast_ok_0_5707.jpeg,0,train,3069,test
data\raw\casting_data\casting_data\train\ok_front\cast_ok_0_5717.jpeg,0,train,1721,val
data\raw\casting_data\casting_data\train\ok_front\cast_ok_0_572.jpeg,0,train,1476,train
data\raw\casting_data\casting_data\train\ok_front\cast_ok_0_5722.jpeg,0,train,1988,train
data\raw\casting_data\casting_data\train\ok_front\cast_ok_0_5726.jpeg,0,train,3106,train
data\raw\casting_data\casting_data\train\ok_front\cast_ok_0_5728.jpeg,0,train,2997,train
data\raw\casting_data\casting_data\train\ok_front\cast_ok_0_5731.jpeg,0,train,3103,test
data\raw\casting_data\casting_data\train\ok_front\cast_ok_0_5732.jpeg,0,train,1481,train
data\raw\casting_data\casting_data\train\ok_front\cast_ok_0_5734.jpeg,0,train,1482,train
data\raw\casting_data\casting_data\train\ok_front\cast_ok_0_574.jpeg,0,train,3025,train
data\raw\casting_data\casting_data\train\ok_front\cast_ok_0_5747.jpeg,0,train,1484,test
data\raw\casting_data\casting_data\train\ok_front\cast_ok_0_5750.jpeg,0,train,1485,train
data\raw\casting_data\casting_data\train\ok_front\cast_ok_0_5752.jpeg,0,train,1486,train
data\raw\casting_data\casting_data\train\ok_front\cast_ok_0_5757.jpeg,0,train,1646,train
data\raw\casting_data\casting_data\train\ok_front\cast_ok_0_576.jpeg,0,train,1488,train
data\raw\casting_data\casting_data\train\ok_front\cast_ok_0_5763.jpeg,0,train,1489,train
data\raw\casting_data\casting_data\train\ok_front\cast_ok_0_5768.jpeg,0,train,1865,val
data\raw\casting_data\casting_data\train\ok_front\cast_ok_0_5769.jpeg,0,train,1491,train
data\raw\casting_data\casting_data\train\ok_front\cast_ok_0_5770.jpeg,0,train,1492,train
data\raw\casting_data\casting_data\train\ok_front\cast_ok_0_5774.jpeg,0,train,1493,train
data\raw\casting_data\casting_data\train\ok_front\cast_ok_0_5778.jpeg,0,train,1494,val
data\raw\casting_data\casting_data\train\ok_front\cast_ok_0_5779.jpeg,0,train,1986,val
data\raw\casting_data\casting_data\train\ok_front\cast_ok_0_5783.jpeg,0,train,2875,train
data\raw\casting_data\casting_data\train\ok_front\cast_ok_0_5786.jpeg,0,train,2698,train
data\raw\casting_data\casting_data\train\ok_front\cast_ok_0_579.jpeg,0,train,2836,train
data\raw\casting_data\casting_data\train\ok_front\cast_ok_0_5790.jpeg,0,train,2043,train
data\raw\casting_data\casting_data\train\ok_front\cast_ok_0_5791.jpeg,0,train,1500,train
data\raw\casting_data\casting_data\train\ok_front\cast_ok_0_5793.jpeg,0,train,3076,train
data\raw\casting_data\casting_data\train\ok_front\cast_ok_0_5799.jpeg,0,train,1502,train
data\raw\casting_data\casting_data\train\ok_front\cast_ok_0_5801.jpeg,0,train,2923,train
data\raw\casting_data\casting_data\train\ok_front\cast_ok_0_5802.jpeg,0,train,2571,train
data\raw\casting_data\casting_data\train\ok_front\cast_ok_0_581.jpeg,0,train,2849,val
data\raw\casting_data\casting_data\train\ok_front\cast_ok_0_5812.jpeg,0,train,1506,train
data\raw\casting_data\casting_data\train\ok_front\cast_ok_0_5815.jpeg,0,train,1687,test
data\raw\casting_data\casting_data\train\ok_front\cast_ok_0_5816.jpeg,0,train,1508,train
data\raw\casting_data\casting_data\train\ok_front\cast_ok_0_5818.jpeg,0,train,1509,train
data\raw\casting_data\casting_data\train\ok_front\cast_ok_0_5819.jpeg,0,train,1510,test
data\raw\casting_data\casting_data\train\ok_front\cast_ok_0_5821.jpeg,0,train,1511,val
data\raw\casting_data\casting_data\train\ok_front\cast_ok_0_5825.jpeg,0,train,2373,train
data\raw\casting_data\casting_data\train\ok_front\cast_ok_0_5830.jpeg,0,train,3062,train
data\raw\casting_data\casting_data\train\ok_front\cast_ok_0_5832.jpeg,0,train,1514,train
data\raw\casting_data\casting_data\train\ok_front\cast_ok_0_5837.jpeg,0,train,2505,val
data\raw\casting_data\casting_data\train\ok_front\cast_ok_0_5838.jpeg,0,train,3058,train
data\raw\casting_data\casting_data\train\ok_front\cast_ok_0_584.jpeg,0,train,1737,train
data\raw\casting_data\casting_data\train\ok_front\cast_ok_0_5851.jpeg,0,train,3103,test
data\raw\casting_data\casting_data\train\ok_front\cast_ok_0_5853.jpeg,0,train,2804,train
data\raw\casting_data\casting_data\train\ok_front\cast_ok_0_5857.jpeg,0,train,2951,train
data\raw\casting_data\casting_data\train\ok_front\cast_ok_0_5858.jpeg,0,train,3101,val
data\raw\casting_data\casting_data\train\ok_front\cast_ok_0_586.jpeg,0,train,3122,train
data\raw\casting_data\casting_data\train\ok_front\cast_ok_0_5864.jpeg,0,train,2170,train
data\raw\casting_data\casting_data\train\ok_front\cast_ok_0_5877.jpeg,0,train,1524,test
data\raw\casting_data\casting_data\train\ok_front\cast_ok_0_5879.jpeg,0,train,1525,train
data\raw\casting_data\casting_data\train\ok_front\cast_ok_0_588.jpeg,0,train,1526,train
data\raw\casting_data\casting_data\train\ok_front\cast_ok_0_5880.jpeg,0,train,1527,train
data\raw\casting_data\casting_data\train\ok_front\cast_ok_0_5881.jpeg,0,train,1528,train
data\raw\casting_data\casting_data\train\ok_front\cast_ok_0_5884.jpeg,0,train,1529,train
data\raw\casting_data\casting_data\train\ok_front\cast_ok_0_5889.jpeg,0,train,2858,train
data\raw\casting_data\casting_data\train\ok_front\cast_ok_0_5891.jpeg,0,train,1531,test
data\raw\casting_data\casting_data\train\ok_front\cast_ok_0_5894.jpeg,0,train,3100,train
data\raw\casting_data\casting_data\train\ok_front\cast_ok_0_5896.jpeg,0,train,2528,train
data\raw\casting_data\casting_data\train\ok_front\cast_ok_0_5898.jpeg,0,train,2582,train
data\raw\casting_data\casting_data\train\ok_front\cast_ok_0_590.jpeg,0,train,2188,train
data\raw\casting_data\casting_data\train\ok_front\cast_ok_0_5907.jpeg,0,train,2986,test
data\raw\casting_data\casting_data\train\ok_front\cast_ok_0_5912.jpeg,0,train,1537,test
data\raw\casting_data\casting_data\train\ok_front\cast_ok_0_5914.jpeg,0,train,1562,train
data\raw\casting_data\casting_data\train\ok_front\cast_ok_0_5915.jpeg,0,train,2030,val
data\raw\casting_data\casting_data\train\ok_front\cast_ok_0_5921.jpeg,0,train,3100,train
data\raw\casting_data\casting_data\train\ok_front\cast_ok_0_5923.jpeg,0,train,2787,test
data\raw\casting_data\casting_data\train\ok_front\cast_ok_0_5924.jpeg,0,train,1542,train
data\raw\casting_data\casting_data\train\ok_front\cast_ok_0_5925.jpeg,0,train,2560,train
data\raw\casting_data\casting_data\train\ok_front\cast_ok_0_5926.jpeg,0,train,2560,train
data\raw\casting_data\casting_data\train\ok_front\cast_ok_0_5928.jpeg,0,train,3100,train
data\raw\casting_data\casting_data\train\ok_front\cast_ok_0_593.jpeg,0,train,1821,train
data\raw\casting_data\casting_data\train\ok_front\cast_ok_0_5931.jpeg,0,train,3062,train
data\raw\casting_data\casting_data\train\ok_front\cast_ok_0_5934.jpeg,0,train,1548,test
data\raw\casting_data\casting_data\train\ok_front\cast_ok_0_5936.jpeg,0,train,1922,test
data\raw\casting_data\casting_data\train\ok_front\cast_ok_0_5937.jpeg,0,train,1550,train
data\raw\casting_data\casting_data\train\ok_front\cast_ok_0_594.jpeg,0,train,1551,train
data\raw\casting_data\casting_data\train\ok_front\cast_ok_0_5941.jpeg,0,train,1552,val
data\raw\casting_data\casting_data\train\ok_front\cast_ok_0_5944.jpeg,0,train,3100,train
data\raw\casting_data\casting_data\train\ok_front\cast_ok_0_5945.jpeg,0,train,1554,train
data\raw\casting_data\casting_data\train\ok_front\cast_ok_0_5949.jpeg,0,train,2877,train
data\raw\casting_data\casting_data\train\ok_front\cast_ok_0_5954.jpeg,0,train,1556,train
data\raw\casting_data\casting_data\train\ok_front\cast_ok_0_5958.jpeg,0,train,1557,val
data\raw\casting_data\casting_data\train\ok_front\cast_ok_0_5959.jpeg,0,train,1558,test
data\raw\casting_data\casting_data\train\ok_front\cast_ok_0_5960.jpeg,0,train,1559,train
data\raw\casting_data\casting_data\train\ok_front\cast_ok_0_5965.jpeg,0,train,1560,train
data\raw\casting_data\casting_data\train\ok_front\cast_ok_0_597.jpeg,0,train,2957,test
data\raw\casting_data\casting_data\train\ok_front\cast_ok_0_5972.jpeg,0,train,1562,train
data\raw\casting_data\casting_data\train\ok_front\cast_ok_0_5974.jpeg,0,train,1563,train
data\raw\casting_data\casting_data\train\ok_front\cast_ok_0_5979.jpeg,0,train,1564,train
data\raw\casting_data\casting_data\train\ok_front\cast_ok_0_598.jpeg,0,train,1565,train
data\raw\casting_data\casting_data\train\ok_front\cast_ok_0_5988.jpeg,0,train,1566,train
data\raw\casting_data\casting_data\train\ok_front\cast_ok_0_5991.jpeg,0,train,1567,train
data\raw\casting_data\casting_data\train\ok_front\cast_ok_0_5996.jpeg,0,train,1568,train
data\raw\casting_data\casting_data\train\ok_front\cast_ok_0_5997.jpeg,0,train,1510,test
data\raw\casting_data\casting_data\train\ok_front\cast_ok_0_60.jpeg,0,train,1570,train
data\raw\casting_data\casting_data\train\ok_front\cast_ok_0_6005.jpeg,0,train,2977,train
data\raw\casting_data\casting_data\train\ok_front\cast_ok_0_6007.jpeg,0,train,1572,train
data\raw\casting_data\casting_data\train\ok_front\cast_ok_0_6009.jpeg,0,train,1861,train
data\raw\casting_data\casting_data\train\ok_front\cast_ok_0_6010.jpeg,0,train,1930,val
data\raw\casting_data\casting_data\train\ok_front\cast_ok_0_6011.jpeg,0,train,2212,train
data\raw\casting_data\casting_data\train\ok_front\cast_ok_0_6014.jpeg,0,train,1576,train
data\raw\casting_data\casting_data\train\ok_front\cast_ok_0_6015.jpeg,0,train,3025,train
data\raw\casting_data\casting_data\train\ok_front\cast_ok_0_6020.jpeg,0,train,1578,train
data\raw\casting_data\casting_data\train\ok_front\cast_ok_0_6023.jpeg,0,train,1579,val
data\raw\casting_data\casting_data\train\ok_front\cast_ok_0_6024.jpeg,0,train,2614,test
data\raw\casting_data\casting_data\train\ok_front\cast_ok_0_6026.jpeg,0,train,2700,train
data\raw\casting_data\casting_data\train\ok_front\cast_ok_0_6027.jpeg,0,train,1582,train
data\raw\casting_data\casting_data\train\ok_front\cast_ok_0_6028.jpeg,0,train,1583,train
data\raw\casting_data\casting_data\train\ok_front\cast_ok_0_6030.jpeg,0,train,1584,train
data\raw\casting_data\casting_data\train\ok_front\cast_ok_0_6034.jpeg,0,train,1585,test
data\raw\casting_data\casting_data\train\ok_front\cast_ok_0_6037.jpeg,0,train,3130,train
data\raw\casting_data\casting_data\train\ok_front\cast_ok_0_604.jpeg,0,train,890,val
data\raw\casting_data\casting_data\train\ok_front\cast_ok_0_6040.jpeg,0,train,1588,train
data\raw\casting_data\casting_data\train\ok_front\cast_ok_0_6041.jpeg,0,train,1589,train
data\raw\casting_data\casting_data\train\ok_front\cast_ok_0_6043.jpeg,0,train,2096,test
data\raw\casting_data\casting_data\train\ok_front\cast_ok_0_6045.jpeg,0,train,1591,train
data\raw\casting_data\casting_data\train\ok_front\cast_ok_0_605.jpeg,0,train,2243,test
data\raw\casting_data\casting_data\train\ok_front\cast_ok_0_6050.jpeg,0,train,1593,val
data\raw\casting_data\casting_data\train\ok_front\cast_ok_0_6055.jpeg,0,train,1594,train
data\raw\casting_data\casting_data\train\ok_front\cast_ok_0_6056.jpeg,0,train,2781,val
data\raw\casting_data\casting_data\train\ok_front\cast_ok_0_6057.jpeg,0,train,1596,train
data\raw\casting_data\casting_data\train\ok_front\cast_ok_0_6059.jpeg,0,train,2097,train
data\raw\casting_data\casting_data\train\ok_front\cast_ok_0_6061.jpeg,0,train,1598,train
data\raw\casting_data\casting_data\train\ok_front\cast_ok_0_6062.jpeg,0,train,1599,train
data\raw\casting_data\casting_data\train\ok_front\cast_ok_0_6063.jpeg,0,train,2746,train
data\raw\casting_data\casting_data\train\ok_front\cast_ok_0_6064.jpeg,0,train,1601,val
data\raw\casting_data\casting_data\train\ok_front\cast_ok_0_6067.jpeg,0,train,1602,train
data\raw\casting_data\casting_data\train\ok_front\cast_ok_0_607.jpeg,0,train,1603,train
data\raw\casting_data\casting_data\train\ok_front\cast_ok_0_6073.jpeg,0,train,1604,test
data\raw\casting_data\casting_data\train\ok_front\cast_ok_0_6074.jpeg,0,train,2783,train
data\raw\casting_data\casting_data\train\ok_front\cast_ok_0_608.jpeg,0,train,2696,train
data\raw\casting_data\casting_data\train\ok_front\cast_ok_0_6080.jpeg,0,train,3101,val
data\raw\casting_data\casting_data\train\ok_front\cast_ok_0_6081.jpeg,0,train,1608,train
data\raw\casting_data\casting_data\train\ok_front\cast_ok_0_6083.jpeg,0,train,890,val
data\raw\casting_data\casting_data\train\ok_front\cast_ok_0_6088.jpeg,0,train,3096,train
data\raw\casting_data\casting_data\train\ok_front\cast_ok_0_6089.jpeg,0,train,2849,val
data\raw\casting_data\casting_data\train\ok_front\cast_ok_0_609.jpeg,0,train,1612,test
data\raw\casting_data\casting_data\train\ok_front\cast_ok_0_6093.jpeg,0,train,1613,test
data\raw\casting_data\casting_data\train\ok_front\cast_ok_0_6095.jpeg,0,train,2669,train
data\raw\casting_data\casting_data\train\ok_front\cast_ok_0_6101.jpeg,0,train,2875,train
data\raw\casting_data\casting_data\train\ok_front\cast_ok_0_6103.jpeg,0,train,1616,train
data\raw\casting_data\casting_data\train\ok_front\cast_ok_0_6106.jpeg,0,train,1617,train
data\raw\casting_data\casting_data\train\ok_front\cast_ok_0_6108.jpeg,0,train,1618,val
data\raw\casting_data\casting_data\train\ok_front\cast_ok_0_6110.jpeg,0,train,1619,train
data\raw\casting_data\casting_data\train\ok_front\cast_ok_0_6115.jpeg,0,train,1620,val
data\raw\casting_data\casting_data\train\ok_front\cast_ok_0_6116.jpeg,0,train,1621,train
data\raw\casting_data\casting_data\train\ok_front\cast_ok_0_6118.jpeg,0,train,3013,train
data\raw\casting_data\casting_data\train\ok_front\cast_ok_0_6122.jpeg,0,train,1623,test
data\raw\casting_data\casting_data\train\ok_front\cast_ok_0_6126.jpeg,0,train,1624,train
data\raw\casting_data\casting_data\train\ok_front\cast_ok_0_6127.jpeg,0,train,1625,train
data\raw\casting_data\casting_data\train\ok_front\cast_ok_0_6131.jpeg,0,train,2813,val
data\raw\casting_data\casting_data\train\ok_front\cast_ok_0_6134.jpeg,0,train,2783,train
data\raw\casting_data\casting_data\train\ok_front\cast_ok_0_6139.jpeg,0,train,1628,train
data\raw\casting_data\casting_data\train\ok_front\cast_ok_0_614.jpeg,0,train,1879,train
data\raw\casting_data\casting_data\train\ok_front\cast_ok_0_615.jpeg,0,train,2456,train
data\raw\casting_data\casting_data\train\ok_front\cast_ok_0_6150.jpeg,0,train,1631,train
data\raw\casting_data\casting_data\train\ok_front\cast_ok_0_6155.jpeg,0,train,2855,train
data\raw\casting_data\casting_data\train\ok_front\cast_ok_0_6156.jpeg,0,train,3055,train
data\raw\casting_data\casting_data\train\ok_front\cast_ok_0_6160.jpeg,0,train,1634,val
data\raw\casting_data\casting_data\train\ok_front\cast_ok_0_6165.jpeg,0,train,1635,train
data\raw\casting_data\casting_data\train\ok_front\cast_ok_0_6168.jpeg,0,train,1636,train
data\raw\casting_data\casting_data\train\ok_front\cast_ok_0_6169.jpeg,0,train,2177,train
data\raw\casting_data\casting_data\train\ok_front\cast_ok_0_6170.jpeg,0,train,1638,val
data\raw\casting_data\casting_data\train\ok_front\cast_ok_0_6171.jpeg,0,train,3038,train
data\raw\casting_data\casting_data\train\ok_front\cast_ok_0_6176.jpeg,0,train,1640,train
data\raw\casting_data\casting_data\train\ok_front\cast_ok_0_6179.jpeg,0,train,1877,val
data\raw\casting_data\casting_data\train\ok_front\cast_ok_0_6183.jpeg,0,train,1642,train
data\raw\casting_data\casting_data\train\ok_front\cast_ok_0_6186.jpeg,0,train,1643,train
data\raw\casting_data\casting_data\train\ok_front\cast_ok_0_6189.jpeg,0,train,1644,train
data\raw\casting_data\casting_data\train\ok_front\cast_ok_0_619.jpeg,0,train,1645,train
data\raw\casting_data\casting_data\train\ok_front\cast_ok_0_6193.jpeg,0,train,1646,train
data\raw\casting_data\casting_data\train\ok_front\cast_ok_0_6197.jpeg,0,train,1647,train
data\raw\casting_data\casting_data\train\ok_front\cast_ok_0_6200.jpeg,0,train,2242,train
data\raw\casting_data\casting_data\train\ok_front\cast_ok_0_6205.jpeg,0,train,1649,val
data\raw\casting_data\casting_data\train\ok_front\cast_ok_0_6207.jpeg,0,train,2957,test
data\raw\casting_data\casting_data\train\ok_front\cast_ok_0_6208.jpeg,0,train,2423,train
data\raw\casting_data\casting_data\train\ok_front\cast_ok_0_6216.jpeg,0,train,3061,train
data\raw\casting_data\casting_data\train\ok_front\cast_ok_0_6229.jpeg,0,train,1653,train
data\raw\casting_data\casting_data\train\ok_front\cast_ok_0_6234.jpeg,0,train,1930,val
data\raw\casting_data\casting_data\train\ok_front\cast_ok_0_6247.jpeg,0,train,3129,train
data\raw\casting_data\casting_data\train\ok_front\cast_ok_0_625.jpeg,0,train,3113,train
data\raw\casting_data\casting_data\train\ok_front\cast_ok_0_6250.jpeg,0,train,1657,val
data\raw\casting_data\casting_data\train\ok_front\cast_ok_0_6252.jpeg,0,train,1658,train
data\raw\casting_data\casting_data\train\ok_front\cast_ok_0_6254.jpeg,0,train,2359,train
data\raw\casting_data\casting_data\train\ok_front\cast_ok_0_6257.jpeg,0,train,1660,val
data\raw\casting_data\casting_data\train\ok_front\cast_ok_0_6259.jpeg,0,train,1661,train
data\raw\casting_data\casting_data\train\ok_front\cast_ok_0_6261.jpeg,0,train,2949,train
data\raw\casting_data\casting_data\train\ok_front\cast_ok_0_6262.jpeg,0,train,1663,train
data\raw\casting_data\casting_data\train\ok_front\cast_ok_0_6265.jpeg,0,train,1664,val
data\raw\casting_data\casting_data\train\ok_front\cast_ok_0_6267.jpeg,0,train,1665,test
data\raw\casting_data\casting_data\train\ok_front\cast_ok_0_6278.jpeg,0,train,1947,train
data\raw\casting_data\casting_data\train\ok_front\cast_ok_0_6281.jpeg,0,train,2655,train
data\raw\casting_data\casting_data\train\ok_front\cast_ok_0_6291.jpeg,0,train,1668,train
data\raw\casting_data\casting_data\train\ok_front\cast_ok_0_6293.jpeg,0,train,1669,test
data\raw\casting_data\casting_data\train\ok_front\cast_ok_0_6294.jpeg,0,train,3013,train
data\raw\casting_data\casting_data\train\ok_front\cast_ok_0_6295.jpeg,0,train,2793,val
data\raw\casting_data\casting_data\train\ok_front\cast_ok_0_6298.jpeg,0,train,1778,val
data\raw\casting_data\casting_data\train\ok_front\cast_ok_0_6299.jpeg,0,train,1673,train
data\raw\casting_data\casting_data\train\ok_front\cast_ok_0_6303.jpeg,0,train,3100,train
data\raw\casting_data\casting_data\train\ok_front\cast_ok_0_6306.jpeg,0,train,1675,train
data\raw\casting_data\casting_data\train\ok_front\cast_ok_0_6310.jpeg,0,train,2188,train
data\raw\casting_data\casting_data\train\ok_front\cast_ok_0_6312.jpeg,0,train,2156,test
data\raw\casting_data\casting_data\train\ok_front\cast_ok_0_6313.jpeg,0,train,1678,train
data\raw\casting_data\casting_data\train\ok_front\cast_ok_0_6315.jpeg,0,train,3062,train
data\raw\casting_data\casting_data\train\ok_front\cast_ok_0_6319.jpeg,0,train,1680,train
data\raw\casting_data\casting_data\train\ok_front\cast_ok_0_6324.jpeg,0,train,1681,train
data\raw\casting_data\casting_data\train\ok_front\cast_ok_0_6331.jpeg,0,train,3097,train
data\raw\casting_data\casting_data\train\ok_front\cast_ok_0_6333.jpeg,0,train,2201,train
data\raw\casting_data\casting_data\train\ok_front\cast_ok_0_6334.jpeg,0,train,2210,train
data\raw\casting_data\casting_data\train\ok_front\cast_ok_0_6339.jpeg,0,train,1685,train
data\raw\casting_data\casting_data\train\ok_front\cast_ok_0_6344.jpeg,0,train,2528,train
data\raw\casting_data\casting_data\train\ok_front\cast_ok_0_6346.jpeg,0,train,1687,test
data\raw\casting_data\casting_data\train\ok_front\cast_ok_0_6348.jpeg,0,train,1688,train
data\raw\casting_data\casting_data\train\ok_front\cast_ok_0_6350.jpeg,0,train,1689,train
data\raw\casting_data\casting_data\train\ok_front\cast_ok_0_6353.jpeg,0,train,3105,train
data\raw\casting_data\casting_data\train\ok_front\cast_ok_0_6354.jpeg,0,train,3038,train
data\raw\casting_data\casting_data\train\ok_front\cast_ok_0_6356.jpeg,0,train,2640,train
data\raw\casting_data\casting_data\train\ok_front\cast_ok_0_6358.jpeg,0,train,1693,val
data\raw\casting_data\casting_data\train\ok_front\cast_ok_0_6361.jpeg,0,train,1694,train
data\raw\casting_data\casting_data\train\ok_front\cast_ok_0_6365.jpeg,0,train,1695,val
data\raw\casting_data\casting_data\train\ok_front\cast_ok_0_6366.jpeg,0,train,1696,train
data\raw\casting_data\casting_data\train\ok_front\cast_ok_0_6368.jpeg,0,train,3106,train
data\raw\casting_data\casting_data\train\ok_front\cast_ok_0_6369.jpeg,0,train,1698,train
data\raw\casting_data\casting_data\train\ok_front\cast_ok_0_6372.jpeg,0,train,2359,train
data\raw\casting_data\casting_data\train\ok_front\cast_ok_0_6374.jpeg,0,train,1700,test
data\raw\casting_data\casting_data\train\ok_front\cast_ok_0_6379.jpeg,0,train,1701,train
data\raw\casting_data\casting_data\train\ok_front\cast_ok_0_638.jpeg,0,train,1702,val
data\raw\casting_data\casting_data\train\ok_front\cast_ok_0_6381.jpeg,0,train,1703,train
data\raw\casting_data\casting_data\train\ok_front\cast_ok_0_6383.jpeg,0,train,1704,val
data\raw\casting_data\casting_data\train\ok_front\cast_ok_0_6384.jpeg,0,train,2420,train
data\raw\casting_data\casting_data\train\ok_front\cast_ok_0_6386.jpeg,0,train,1986,val
data\raw\casting_data\casting_data\train\ok_front\cast_ok_0_6388.jpeg,0,train,2315,val
data\raw\casting_data\casting_data\train\ok_front\cast_ok_0_6389.jpeg,0,train,2156,test
data\raw\casting_data\casting_data\train\ok_front\cast_ok_0_6391.jpeg,0,train,1709,train
data\raw\casting_data\casting_data\train\ok_front\cast_ok_0_6392.jpeg,0,train,1710,train
data\raw\casting_data\casting_data\train\ok_front\cast_ok_0_6394.jpeg,0,train,1711,train
data\raw\casting_data\casting_data\train\ok_front\cast_ok_0_6398.jpeg,0,train,3255,val
data\raw\casting_data\casting_data\train\ok_front\cast_ok_0_6402.jpeg,0,train,1713,train
data\raw\casting_data\casting_data\train\ok_front\cast_ok_0_6406.jpeg,0,train,2505,val
data\raw\casting_data\casting_data\train\ok_front\cast_ok_0_6407.jpeg,0,train,2700,train
data\raw\casting_data\casting_data\train\ok_front\cast_ok_0_6409.jpeg,0,train,1716,test
data\raw\casting_data\casting_data\train\ok_front\cast_ok_0_6412.jpeg,0,train,2097,train
data\raw\casting_data\casting_data\train\ok_front\cast_ok_0_6416.jpeg,0,train,1718,train
data\raw\casting_data\casting_data\train\ok_front\cast_ok_0_6418.jpeg,0,train,2804,train
data\raw\casting_data\casting_data\train\ok_front\cast_ok_0_6419.jpeg,0,train,1720,train
data\raw\casting_data\casting_data\train\ok_front\cast_ok_0_6424.jpeg,0,train,1721,val
data\raw\casting_data\casting_data\train\ok_front\cast_ok_0_6428.jpeg,0,train,1722,train
data\raw\casting_data\casting_data\train\ok_front\cast_ok_0_6429.jpeg,0,train,1723,train
data\raw\casting_data\casting_data\train\ok_front\cast_ok_0_643.jpeg,0,train,2820,train
data\raw\casting_data\casting_data\train\ok_front\cast_ok_0_6430.jpeg,0,train,1725,train
data\raw\casting_data\casting_data\train\ok_front\cast_ok_0_6432.jpeg,0,train,2995,val
data\raw\casting_data\casting_data\train\ok_front\cast_ok_0_6433.jpeg,0,train,1727,train
data\raw\casting_data\casting_data\train\ok_front\cast_ok_0_6434.jpeg,0,train,2750,train
data\raw\casting_data\casting_data\train\ok_front\cast_ok_0_6435.jpeg,0,train,1729,val
data\raw\casting_data\casting_data\train\ok_front\cast_ok_0_6437.jpeg,0,train,1730,train
data\raw\casting_data\casting_data\train\ok_front\cast_ok_0_6441.jpeg,0,train,1731,train
data\raw\casting_data\casting_data\train\ok_front\cast_ok_0_6447.jpeg,0,train,1732,train
data\raw\casting_data\casting_data\train\ok_front\cast_ok_0_6451.jpeg,0,train,1733,train
data\raw\casting_data\casting_data\train\ok_front\cast_ok_0_6455.jpeg,0,train,2259,train
data\raw\casting_data\casting_data\train\ok_front\cast_ok_0_6470.jpeg,0,train,1735,test
data\raw\casting_data\casting_data\train\ok_front\cast_ok_0_6472.jpeg,0,train,2391,train
data\raw\casting_data\casting_data\train\ok_front\cast_ok_0_6478.jpeg,0,train,1737,train
data\raw\casting_data\casting_data\train\ok_front\cast_ok_0_6479.jpeg,0,train,3063,train
data\raw\casting_data\casting_data\train\ok_front\cast_ok_0_6483.jpeg,0,train,1739,train
data\raw\casting_data\casting_data\train\ok_front\cast_ok_0_6485.jpeg,0,train,1740,train
data\raw\casting_data\casting_data\train\ok_front\cast_ok_0_6487.jpeg,0,train,1741,train
data\raw\casting_data\casting_data\train\ok_front\cast_ok_0_6488.jpeg,0,train,2449,train
data\raw\casting_data\casting_data\train\ok_front\cast_ok_0_6492.jpeg,0,train,2651,train
data\raw\casting_data\casting_data\train\ok_front\cast_ok_0_6498.jpeg,0,train,1744,val
data\raw\casting_data\casting_data\train\ok_front\cast_ok_0_65.jpeg,0,train,1695,val
data\raw\casting_data\casting_data\train\ok_front\cast_ok_0_6508.jpeg,0,train,3102,val
data\raw\casting_data\casting_data\train\ok_front\cast_ok_0_6513.jpeg,0,train,1747,train
data\raw\casting_data\casting_data\train\ok_front\cast_ok_0_6517.jpeg,0,train,1748,train
data\raw\casting_data\casting_data\train\ok_front\cast_ok_0_6522.jpeg,0,train,1749,train
data\raw\casting_data\casting_data\train\ok_front\cast_ok_0_6523.jpeg,0,train,3054,train
data\raw\casting_data\casting_data\train\ok_front\cast_ok_0_6526.jpeg,0,train,3013,train
data\raw\casting_data\casting_data\train\ok_front\cast_ok_0_6538.jpeg,0,train,1752,train
data\raw\casting_data\casting_data\train\ok_front\cast_ok_0_6540.jpeg,0,train,1753,train
data\raw\casting_data\casting_data\train\ok_front\cast_ok_0_6543.jpeg,0,train,3063,train
data\raw\casting_data\casting_data\train\ok_front\cast_ok_0_6547.jpeg,0,train,2172,val
data\raw\casting_data\casting_data\train\ok_front\cast_ok_0_6549.jpeg,0,train,2332,train
data\raw\casting_data\casting_data\train\ok_front\cast_ok_0_6550.jpeg,0,train,1757,train
data\raw\casting_data\casting_data\train\ok_front\cast_ok_0_6551.jpeg,0,train,1758,train
data\raw\casting_data\casting_data\train\ok_front\cast_ok_0_6552.jpeg,0,train,1759,val
data\raw\casting_data\casting_data\train\ok_front\cast_ok_0_656.jpeg,0,train,1760,train
data\raw\casting_data\casting_data\train\ok_front\cast_ok_0_6561.jpeg,0,train,1761,val
data\raw\casting_data\casting_data\train\ok_front\cast_ok_0_6563.jpeg,0,train,1762,train
data\raw\casting_data\casting_data\train\ok_front\cast_ok_0_6565.jpeg,0,train,1763,train
data\raw\casting_data\casting_data\train\ok_front\cast_ok_0_6568.jpeg,0,train,1764,train
data\raw\casting_data\casting_data\train\ok_front\cast_ok_0_6570.jpeg,0,train,1765,test
data\raw\casting_data\casting_data\train\ok_front\cast_ok_0_6576.jpeg,0,train,3106,train
data\raw\casting_data\casting_data\train\ok_front\cast_ok_0_658.jpeg,0,train,2094,train
data\raw\casting_data\casting_data\train\ok_front\cast_ok_0_6580.jpeg,0,train,1768,train
data\raw\casting_data\casting_data\train\ok_front\cast_ok_0_6581.jpeg,0,train,1769,test
data\raw\casting_data\casting_data\train\ok_front\cast_ok_0_6582.jpeg,0,train,1770,train
data\raw\casting_data\casting_data\train\ok_front\cast_ok_0_6588.jpeg,0,train,1771,test
data\raw\casting_data\casting_data\train\ok_front\cast_ok_0_6592.jpeg,0,train,2673,train
data\raw\casting_data\casting_data\train\ok_front\cast_ok_0_6593.jpeg,0,train,1987,test
data\raw\casting_data\casting_data\train\ok_front\cast_ok_0_6598.jpeg,0,train,1774,train
data\raw\casting_data\casting_data\train\ok_front\cast_ok_0_6599.jpeg,0,train,3063,train
data\raw\casting_data\casting_data\train\ok_front\cast_ok_0_660.jpeg,0,train,2443,train
data\raw\casting_data\casting_data\train\ok_front\cast_ok_0_6606.jpeg,0,train,1777,val
data\raw\casting_data\casting_data\train\ok_front\cast_ok_0_6610.jpeg,0,train,1778,val
data\raw\casting_data\casting_data\train\ok_front\cast_ok_0_6619.jpeg,0,train,1779,train
data\raw\casting_data\casting_data\train\ok_front\cast_ok_0_6620.jpeg,0,train,1780,train
data\raw\casting_data\casting_data\train\ok_front\cast_ok_0_6621.jpeg,0,train,1781,train
data\raw\casting_data\casting_data\train\ok_front\cast_ok_0_6622.jpeg,0,train,1782,val
data\raw\casting_data\casting_data\train\ok_front\cast_ok_0_6625.jpeg,0,train,2528,train
data\raw\casting_data\casting_data\train\ok_front\cast_ok_0_6627.jpeg,0,train,1784,test
data\raw\casting_data\casting_data\train\ok_front\cast_ok_0_6633.jpeg,0,train,1785,val
data\raw\casting_data\casting_data\train\ok_front\cast_ok_0_6636.jpeg,0,train,1786,train
data\raw\casting_data\casting_data\train\ok_front\cast_ok_0_664.jpeg,0,train,1787,test
data\raw\casting_data\casting_data\train\ok_front\cast_ok_0_6640.jpeg,0,train,2474,test
data\raw\casting_data\casting_data\train\ok_front\cast_ok_0_6645.jpeg,0,train,1789,test
data\raw\casting_data\casting_data\train\ok_front\cast_ok_0_6646.jpeg,0,train,1790,train
data\raw\casting_data\casting_data\train\ok_front\cast_ok_0_6647.jpeg,0,train,1791,val
data\raw\casting_data\casting_data\train\ok_front\cast_ok_0_6657.jpeg,0,train,1792,train
data\raw\casting_data\casting_data\train\ok_front\cast_ok_0_666.jpeg,0,train,1793,train
data\raw\casting_data\casting_data\train\ok_front\cast_ok_0_6665.jpeg,0,train,2981,train
data\raw\casting_data\casting_data\train\ok_front\cast_ok_0_6666.jpeg,0,train,1795,train
data\raw\casting_data\casting_data\train\ok_front\cast_ok_0_6673.jpeg,0,train,1796,train
data\raw\casting_data\casting_data\train\ok_front\cast_ok_0_6680.jpeg,0,train,2030,val
data\raw\casting_data\casting_data\train\ok_front\cast_ok_0_6683.jpeg,0,train,1886,test
data\raw\casting_data\casting_data\train\ok_front\cast_ok_0_6684.jpeg,0,train,2947,test
data\raw\casting_data\casting_data\train\ok_front\cast_ok_0_6687.jpeg,0,train,1800,train
data\raw\casting_data\casting_data\train\ok_front\cast_ok_0_669.jpeg,0,train,3115,train
data\raw\casting_data\casting_data\train\ok_front\cast_ok_0_6690.jpeg,0,train,1802,test
data\raw\casting_data\casting_data\train\ok_front\cast_ok_0_6692.jpeg,0,train,3069,test
data\raw\casting_data\casting_data\train\ok_front\cast_ok_0_6695.jpeg,0,train,1804,train
data\raw\casting_data\casting_data\train\ok_front\cast_ok_0_6699.jpeg,0,train,1805,train
data\raw\casting_data\casting_data\train\ok_front\cast_ok_0_6702.jpeg,0,train,1806,train
data\raw\casting_data\casting_data\train\ok_front\cast_ok_0_6704.jpeg,0,train,3087,train
data\raw\casting_data\casting_data\train\ok_front\cast_ok_0_671.jpeg,0,train,2437,train
data\raw\casting_data\casting_data\train\ok_front\cast_ok_0_6712.jpeg,0,train,2017,train
data\raw\casting_data\casting_data\train\ok_front\cast_ok_0_6713.jpeg,0,train,1861,train
data\raw\casting_data\casting_data\train\ok_front\cast_ok_0_6714.jpeg,0,train,2521,val
data\raw\casting_data\casting_data\train\ok_front\cast_ok_0_6715.jpeg,0,train,1812,train
data\raw\casting_data\casting_data\train\ok_front\cast_ok_0_6716.jpeg,0,train,2646,val
data\raw\casting_data\casting_data\train\ok_front\cast_ok_0_6717.jpeg,0,train,1814,train
data\raw\casting_data\casting_data\train\ok_front\cast_ok_0_6718.jpeg,0,train,1815,test
data\raw\casting_data\casting_data\train\ok_front\cast_ok_0_6719.jpeg,0,train,1941,val
data\raw\casting_data\casting_data\train\ok_front\cast_ok_0_6727.jpeg,0,train,1817,train
data\raw\casting_data\casting_data\train\ok_front\cast_ok_0_6728.jpeg,0,train,1818,train
data\raw\casting_data\casting_data\train\ok_front\cast_ok_0_6729.jpeg,0,train,3034,val
data\raw\casting_data\casting_data\train\ok_front\cast_ok_0_6730.jpeg,0,train,1820,train
data\raw\casting_data\casting_data\train\ok_front\cast_ok_0_6731.jpeg,0,train,1821,train
data\raw\casting_data\casting_data\train\ok_front\cast_ok_0_6732.jpeg,0,train,2275,test
data\raw\casting_data\casting_data\train\ok_front\cast_ok_0_6737.jpeg,0,train,1823,train
data\raw\casting_data\casting_data\train\ok_front\cast_ok_0_6742.jpeg,0,train,1824,train
data\raw\casting_data\casting_data\train\ok_front\cast_ok_0_6749.jpeg,0,train,1825,val
data\raw\casting_data\casting_data\train\ok_front\cast_ok_0_6752.jpeg,0,train,1908,test
data\raw\casting_data\casting_data\train\ok_front\cast_ok_0_6753.jpeg,0,train,1827,train
data\raw\casting_data\casting_data\train\ok_front\cast_ok_0_6755.jpeg,0,train,3034,val
data\raw\casting_data\casting_data\train\ok_front\cast_ok_0_6756.jpeg,0,train,1829,test
data\raw\casting_data\casting_data\train\ok_front\cast_ok_0_6758.jpeg,0,train,1830,train
data\raw\casting_data\casting_data\train\ok_front\cast_ok_0_6760.jpeg,0,train,1831,train
data\raw\casting_data\casting_data\train\ok_front\cast_ok_0_6762.jpeg,0,train,1832,train
data\raw\casting_data\casting_data\train\ok_front\cast_ok_0_6763.jpeg,0,train,1833,test
data\raw\casting_data\casting_data\train\ok_front\cast_ok_0_6764.jpeg,0,train,1834,train
data\raw\casting_data\casting_data\train\ok_front\cast_ok_0_6766.jpeg,0,train,1835,train
data\raw\casting_data\casting_data\train\ok_front\cast_ok_0_6769.jpeg,0,train,2505,val
data\raw\casting_data\casting_data\train\ok_front\cast_ok_0_6770.jpeg,0,train,1837,train
data\raw\casting_data\casting_data\train\ok_front\cast_ok_0_6776.jpeg,0,train,1963,train
data\raw\casting_data\casting_data\train\ok_front\cast_ok_0_6779.jpeg,0,train,2476,train
data\raw\casting_data\casting_data\train\ok_front\cast_ok_0_6782.jpeg,0,train,1840,test
data\raw\casting_data\casting_data\train\ok_front\cast_ok_0_6788.jpeg,0,train,1841,train
data\raw\casting_data\casting_data\train\ok_front\cast_ok_0_6789.jpeg,0,train,2640,train
data\raw\casting_data\casting_data\train\ok_front\cast_ok_0_6792.jpeg,0,train,1843,train
data\raw\casting_data\casting_data\train\ok_front\cast_ok_0_6797.jpeg,0,train,1844,test
data\raw\casting_data\casting_data\train\ok_front\cast_ok_0_6798.jpeg,0,train,1845,train
data\raw\casting_data\casting_data\train\ok_front\cast_ok_0_6802.jpeg,0,train,1846,train
data\raw\casting_data\casting_data\train\ok_front\cast_ok_0_6807.jpeg,0,train,1978,train
data\raw\casting_data\casting_data\train\ok_front\cast_ok_0_6809.jpeg,0,train,1848,test
data\raw\casting_data\casting_data\train\ok_front\cast_ok_0_681.jpeg,0,train,2571,train
data\raw\casting_data\casting_data\train\ok_front\cast_ok_0_6810.jpeg,0,train,1850,val
data\raw\casting_data\casting_data\train\ok_front\cast_ok_0_6813.jpeg,0,train,1851,train
data\raw\casting_data\casting_data\train\ok_front\cast_ok_0_6814.jpeg,0,train,1852,train
data\raw\casting_data\casting_data\train\ok_front\cast_ok_0_6816.jpeg,0,train,1165,train
data\raw\casting_data\casting_data\train\ok_front\cast_ok_0_6819.jpeg,0,train,1854,val
data\raw\casting_data\casting_data\train\ok_front\cast_ok_0_6820.jpeg,0,train,1855,train
data\raw\casting_data\casting_data\train\ok_front\cast_ok_0_6825.jpeg,0,train,2823,test
data\raw\casting_data\casting_data\train\ok_front\cast_ok_0_6832.jpeg,0,train,2865,train
data\raw\casting_data\casting_data\train\ok_front\cast_ok_0_684.jpeg,0,train,3255,val
data\raw\casting_data\casting_data\train\ok_front\cast_ok_0_6842.jpeg,0,train,1859,train
data\raw\casting_data\casting_data\train\ok_front\cast_ok_0_6844.jpeg,0,train,3115,train
data\raw\casting_data\casting_data\train\ok_front\cast_ok_0_685.jpeg,0,train,1861,train
data\raw\casting_data\casting_data\train\ok_front\cast_ok_0_6858.jpeg,0,train,1862,train
data\raw\casting_data\casting_data\train\ok_front\cast_ok_0_6860.jpeg,0,train,1863,train
data\raw\casting_data\casting_data\train\ok_front\cast_ok_0_6866.jpeg,0,train,1864,train
data\raw\casting_data\casting_data\train\ok_front\cast_ok_0_6870.jpeg,0,train,1865,val
data\raw\casting_data\casting_data\train\ok_front\cast_ok_0_6873.jpeg,0,train,1866,val
data\raw\casting_data\casting_data\train\ok_front\cast_ok_0_6874.jpeg,0,train,1867,train
data\raw\casting_data\casting_data\train\ok_front\cast_ok_0_6876.jpeg,0,train,2977,train
data\raw\casting_data\casting_data\train\ok_front\cast_ok_0_6878.jpeg,0,train,2783,train
data\raw\casting_data\casting_data\train\ok_front\cast_ok_0_6879.jpeg,0,train,2243,test
data\raw\casting_data\casting_data\train\ok_front\cast_ok_0_6883.jpeg,0,train,1871,train
data\raw\casting_data\casting_data\train\ok_front\cast_ok_0_6887.jpeg,0,train,1872,train
data\raw\casting_data\casting_data\train\ok_front\cast_ok_0_6898.jpeg,0,train,1873,train
data\raw\casting_data\casting_data\train\ok_front\cast_ok_0_6902.jpeg,0,train,1874,train
data\raw\casting_data\casting_data\train\ok_front\cast_ok_0_6906.jpeg,0,train,2193,train
data\raw\casting_data\casting_data\train\ok_front\cast_ok_0_6908.jpeg,0,train,2193,train
data\raw\casting_data\casting_data\train\ok_front\cast_ok_0_6912.jpeg,0,train,1877,val
data\raw\casting_data\casting_data\train\ok_front\cast_ok_0_6913.jpeg,0,train,1878,train
data\raw\casting_data\casting_data\train\ok_front\cast_ok_0_692.jpeg,0,train,1879,train
data\raw\casting_data\casting_data\train\ok_front\cast_ok_0_6921.jpeg,0,train,1880,train
data\raw\casting_data\casting_data\train\ok_front\cast_ok_0_6922.jpeg,0,train,1881,train
data\raw\casting_data\casting_data\train\ok_front\cast_ok_0_6931.jpeg,0,train,1882,train
data\raw\casting_data\casting_data\train\ok_front\cast_ok_0_6932.jpeg,0,train,1883,train
data\raw\casting_data\casting_data\train\ok_front\cast_ok_0_6933.jpeg,0,train,1821,train
data\raw\casting_data\casting_data\train\ok_front\cast_ok_0_6934.jpeg,0,train,1885,train
data\raw\casting_data\casting_data\train\ok_front\cast_ok_0_6947.jpeg,0,train,1886,test
data\raw\casting_data\casting_data\train\ok_front\cast_ok_0_695.jpeg,0,train,1887,train
data\raw\casting_data\casting_data\train\ok_front\cast_ok_0_6950.jpeg,0,train,2746,train
data\raw\casting_data\casting_data\train\ok_front\cast_ok_0_6960.jpeg,0,train,2803,train
data\raw\casting_data\casting_data\train\ok_front\cast_ok_0_6965.jpeg,0,train,1890,test
data\raw\casting_data\casting_data\train\ok_front\cast_ok_0_6967.jpeg,0,train,1891,val
data\raw\casting_data\casting_data\train\ok_front\cast_ok_0_697.jpeg,0,train,1892,test
data\raw\casting_data\casting_data\train\ok_front\cast_ok_0_6973.jpeg,0,train,3058,train
data\raw\casting_data\casting_data\train\ok_front\cast_ok_0_6976.jpeg,0,train,1894,val
data\raw\casting_data\casting_data\train\ok_front\cast_ok_0_6979.jpeg,0,train,1895,test
data\raw\casting_data\casting_data\train\ok_front\cast_ok_0_6982.jpeg,0,train,2779,train
data\raw\casting_data\casting_data\train\ok_front\cast_ok_0_6983.jpeg,0,train,1897,val
data\raw\casting_data\casting_data\train\ok_front\cast_ok_0_6985.jpeg,0,train,1898,train
data\raw\casting_data\casting_data\train\ok_front\cast_ok_0_6994.jpeg,0,train,2560,train
data\raw\casting_data\casting_data\train\ok_front\cast_ok_0_6995.jpeg,0,train,1900,train
data\raw\casting_data\casting_data\train\ok_front\cast_ok_0_6997.jpeg,0,train,1901,train
data\raw\casting_data\casting_data\train\ok_front\cast_ok_0_70.jpeg,0,train,2902,train
data\raw\casting_data\casting_data\train\ok_front\cast_ok_0_7002.jpeg,0,train,1903,train
data\raw\casting_data\casting_data\train\ok_front\cast_ok_0_7005.jpeg,0,train,1904,train
data\raw\casting_data\casting_data\train\ok_front\cast_ok_0_7009.jpeg,0,train,1905,train
data\raw\casting_data\casting_data\train\ok_front\cast_ok_0_701.jpeg,0,train,2836,train
data\raw\casting_data\casting_data\train\ok_front\cast_ok_0_7013.jpeg,0,train,1907,train
data\raw\casting_data\casting_data\train\ok_front\cast_ok_0_7016.jpeg,0,train,1908,test
data\raw\casting_data\casting_data\train\ok_front\cast_ok_0_7018.jpeg,0,train,1909,val
data\raw\casting_data\casting_data\train\ok_front\cast_ok_0_7021.jpeg,0,train,1910,train
data\raw\casting_data\casting_data\train\ok_front\cast_ok_0_7025.jpeg,0,train,1911,test
data\raw\casting_data\casting_data\train\ok_front\cast_ok_0_7029.jpeg,0,train,1912,test
data\raw\casting_data\casting_data\train\ok_front\cast_ok_0_7032.jpeg,0,train,2591,val
data\raw\casting_data\casting_data\train\ok_front\cast_ok_0_7037.jpeg,0,train,2983,test
data\raw\casting_data\casting_data\train\ok_front\cast_ok_0_7039.jpeg,0,train,3122,train
data\raw\casting_data\casting_data\train\ok_front\cast_ok_0_7045.jpeg,0,train,2957,test
data\raw\casting_data\casting_data\train\ok_front\cast_ok_0_7046.jpeg,0,train,1917,train
data\raw\casting_data\casting_data\train\ok_front\cast_ok_0_7047.jpeg,0,train,1918,train
data\raw\casting_data\casting_data\train\ok_front\cast_ok_0_7048.jpeg,0,train,1919,train
data\raw\casting_data\casting_data\train\ok_front\cast_ok_0_7051.jpeg,0,train,1920,train
data\raw\casting_data\casting_data\train\ok_front\cast_ok_0_7054.jpeg,0,train,1921,train
data\raw\casting_data\casting_data\train\ok_front\cast_ok_0_7055.jpeg,0,train,1922,test
data\raw\casting_data\casting_data\train\ok_front\cast_ok_0_7058.jpeg,0,train,2278,train
data\raw\casting_data\casting_data\train\ok_front\cast_ok_0_7060.jpeg,0,train,1924,train
data\raw\casting_data\casting_data\train\ok_front\cast_ok_0_7064.jpeg,0,train,1925,train
data\raw\casting_data\casting_data\train\ok_front\cast_ok_0_7066.jpeg,0,train,1926,train
data\raw\casting_data\casting_data\train\ok_front\cast_ok_0_7079.jpeg,0,train,1927,train
data\raw\casting_data\casting_data\train\ok_front\cast_ok_0_7086.jpeg,0,train,1928,train
data\raw\casting_data\casting_data\train\ok_front\cast_ok_0_7087.jpeg,0,train,2523,train
data\raw\casting_data\casting_data\train\ok_front\cast_ok_0_7089.jpeg,0,train,1930,val
data\raw\casting_data\casting_data\train\ok_front\cast_ok_0_709.jpeg,0,train,1931,train
data\raw\casting_data\casting_data\train\ok_front\cast_ok_0_7092.jpeg,0,train,1932,train
data\raw\casting_data\casting_data\train\ok_front\cast_ok_0_7093.jpeg,0,train,1933,train
data\raw\casting_data\casting_data\train\ok_front\cast_ok_0_7094.jpeg,0,train,1934,train
data\raw\casting_data\casting_data\train\ok_front\cast_ok_0_7095.jpeg,0,train,1935,train
data\raw\casting_data\casting_data\train\ok_front\cast_ok_0_7096.jpeg,0,train,1936,train
data\raw\casting_data\casting_data\train\ok_front\cast_ok_0_7097.jpeg,0,train,1937,train
data\raw\casting_data\casting_data\train\ok_front\cast_ok_0_7098.jpeg,0,train,3087,train
data\raw\casting_data\casting_data\train\ok_front\cast_ok_0_71.jpeg,0,train,2574,val
data\raw\casting_data\casting_data\train\ok_front\cast_ok_0_710.jpeg,0,train,1940,train
data\raw\casting_data\casting_data\train\ok_front\cast_ok_0_7100.jpeg,0,train,1941,val
data\raw\casting_data\casting_data\train\ok_front\cast_ok_0_7103.jpeg,0,train,1942,train
data\raw\casting_data\casting_data\train\ok_front\cast_ok_0_7107.jpeg,0,train,3013,train
data\raw\casting_data\casting_data\train\ok_front\cast_ok_0_711.jpeg,0,train,1821,train
data\raw\casting_data\casting_data\train\ok_front\cast_ok_0_7111.jpeg,0,train,1945,train
data\raw\casting_data\casting_data\train\ok_front\cast_ok_0_7115.jpeg,0,train,2700,train
data\raw\casting_data\casting_data\train\ok_front\cast_ok_0_7117.jpeg,0,train,1947,train
data\raw\casting_data\casting_data\train\ok_front\cast_ok_0_7119.jpeg,0,train,2435,test
data\raw\casting_data\casting_data\train\ok_front\cast_ok_0_7127.jpeg,0,train,1949,test
data\raw\casting_data\casting_data\train\ok_front\cast_ok_0_7129.jpeg,0,train,1950,train
data\raw\casting_data\casting_data\train\ok_front\cast_ok_0_713.jpeg,0,train,1951,train
data\raw\casting_data\casting_data\train\ok_front\cast_ok_0_7130.jpeg,0,train,2673,train
data\raw\casting_data\casting_data\train\ok_front\cast_ok_0_7133.jpeg,0,train,2618,train
data\raw\casting_data\casting_data\train\ok_front\cast_ok_0_7134.jpeg,0,train,1954,train
data\raw\casting_data\casting_data\train\ok_front\cast_ok_0_7136.jpeg,0,train,3099,train
data\raw\casting_data\casting_data\train\ok_front\cast_ok_0_7139.jpeg,0,train,1956,test
data\raw\casting_data\casting_data\train\ok_front\cast_ok_0_7141.jpeg,0,train,2275,test
data\raw\casting_data\casting_data\train\ok_front\cast_ok_0_7144.jpeg,0,train,1958,train
data\raw\casting_data\casting_data\train\ok_front\cast_ok_0_7149.jpeg,0,train,1959,test
data\raw\casting_data\casting_data\train\ok_front\cast_ok_0_7158.jpeg,0,train,1821,train
data\raw\casting_data\casting_data\train\ok_front\cast_ok_0_716.jpeg,0,train,1961,train
data\raw\casting_data\casting_data\train\ok_front\cast_ok_0_7161.jpeg,0,train,1962,test
data\raw\casting_data\casting_data\train\ok_front\cast_ok_0_7162.jpeg,0,train,1963,train
data\raw\casting_data\casting_data\train\ok_front\cast_ok_0_7168.jpeg,0,train,1964,train
data\raw\casting_data\casting_data\train\ok_front\cast_ok_0_7174.jpeg,0,train,1965,train
data\raw\casting_data\casting_data\train\ok_front\cast_ok_0_7175.jpeg,0,train,1966,train
data\raw\casting_data\casting_data\train\ok_front\cast_ok_0_7176.jpeg,0,train,1967,test
data\raw\casting_data\casting_data\train\ok_front\cast_ok_0_7186.jpeg,0,train,2046,test
data\raw\casting_data\casting_data\train\ok_front\cast_ok_0_7187.jpeg,0,train,3071,train
data\raw\casting_data\casting_data\train\ok_front\cast_ok_0_7188.jpeg,0,train,1970,val
data\raw\casting_data\casting_data\train\ok_front\cast_ok_0_7191.jpeg,0,train,3062,train
data\raw\casting_data\casting_data\train\ok_front\cast_ok_0_7192.jpeg,0,train,2403,train
data\raw\casting_data\casting_data\train\ok_front\cast_ok_0_7195.jpeg,0,train,1973,val
data\raw\casting_data\casting_data\train\ok_front\cast_ok_0_7198.jpeg,0,train,3037,train
data\raw\casting_data\casting_data\train\ok_front\cast_ok_0_7205.jpeg,0,train,1975,train
data\raw\casting_data\casting_data\train\ok_front\cast_ok_0_7206.jpeg,0,train,1976,test
data\raw\casting_data\casting_data\train\ok_front\cast_ok_0_7209.jpeg,0,train,2515,val
data\raw\casting_data\casting_data\train\ok_front\cast_ok_0_7214.jpeg,0,train,1978,train
data\raw\casting_data\casting_data\train\ok_front\cast_ok_0_7224.jpeg,0,train,2970,train
data\raw\casting_data\casting_data\train\ok_front\cast_ok_0_7228.jpeg,0,train,1980,train
data\raw\casting_data\casting_data\train\ok_front\cast_ok_0_7232.jpeg,0,train,2334,train
data\raw\casting_data\casting_data\train\ok_front\cast_ok_0_7233.jpeg,0,train,1982,train
data\raw\casting_data\casting_data\train\ok_front\cast_ok_0_7234.jpeg,0,train,1983,train
data\raw\casting_data\casting_data\train\ok_front\cast_ok_0_7235.jpeg,0,train,1984,train
data\raw\casting_data\casting_data\train\ok_front\cast_ok_0_7241.jpeg,0,train,2886,train
data\raw\casting_data\casting_data\train\ok_front\cast_ok_0_7251.jpeg,0,train,1986,val
data\raw\casting_data\casting_data\train\ok_front\cast_ok_0_7255.jpeg,0,train,1987,test
data\raw\casting_data\casting_data\train\ok_front\cast_ok_0_7256.jpeg,0,train,1988,train
data\raw\casting_data\casting_data\train\ok_front\cast_ok_0_7257.jpeg,0,train,1989,train
data\raw\casting_data\casting_data\train\ok_front\cast_ok_0_7260.jpeg,0,train,1990,train
data\raw\casting_data\casting_data\train\ok_front\cast_ok_0_7263.jpeg,0,train,1991,train
data\raw\casting_data\casting_data\train\ok_front\cast_ok_0_7266.jpeg,0,train,1992,train
data\raw\casting_data\casting_data\train\ok_front\cast_ok_0_7271.jpeg,0,train,1993,train
data\raw\casting_data\casting_data\train\ok_front\cast_ok_0_7272.jpeg,0,train,2842,train
data\raw\casting_data\casting_data\train\ok_front\cast_ok_0_7279.jpeg,0,train,2792,val
data\raw\casting_data\casting_data\train\ok_front\cast_ok_0_7285.jpeg,0,train,1996,val
data\raw\casting_data\casting_data\train\ok_front\cast_ok_0_7288.jpeg,0,train,1997,train
data\raw\casting_data\casting_data\train\ok_front\cast_ok_0_7293.jpeg,0,train,1998,train
data\raw\casting_data\casting_data\train\ok_front\cast_ok_0_7295.jpeg,0,train,3062,train
data\raw\casting_data\casting_data\train\ok_front\cast_ok_0_7299.jpeg,0,train,2000,train
data\raw\casting_data\casting_data\train\ok_front\cast_ok_0_7307.jpeg,0,train,2001,val
data\raw\casting_data\casting_data\train\ok_front\cast_ok_0_7309.jpeg,0,train,2002,train
data\raw\casting_data\casting_data\train\ok_front\cast_ok_0_7312.jpeg,0,train,2003,train
data\raw\casting_data\casting_data\train\ok_front\cast_ok_0_7314.jpeg,0,train,2004,train
data\raw\casting_data\casting_data\train\ok_front\cast_ok_0_7318.jpeg,0,train,2030,val
data\raw\casting_data\casting_data\train\ok_front\cast_ok_0_7319.jpeg,0,train,1778,val
data\raw\casting_data\casting_data\train\ok_front\cast_ok_0_7320.jpeg,0,train,2634,train
data\raw\casting_data\casting_data\train\ok_front\cast_ok_0_7322.jpeg,0,train,2008,train
data\raw\casting_data\casting_data\train\ok_front\cast_ok_0_7324.jpeg,0,train,2957,test
data\raw\casting_data\casting_data\train\ok_front\cast_ok_0_7330.jpeg,0,train,2010,train
data\raw\casting_data\casting_data\train\ok_front\cast_ok_0_7331.jpeg,0,train,2748,train
data\raw\casting_data\casting_data\train\ok_front\cast_ok_0_7332.jpeg,0,train,2012,train
data\raw\casting_data\casting_data\train\ok_front\cast_ok_0_7333.jpeg,0,train,2013,train
data\raw\casting_data\casting_data\train\ok_front\cast_ok_0_7336.jpeg,0,train,3091,test
data\raw\casting_data\casting_data\train\ok_front\cast_ok_0_7338.jpeg,0,train,2015,val
data\raw\casting_data\casting_data\train\ok_front\cast_ok_0_7342.jpeg,0,train,3113,train
data\raw\casting_data\casting_data\train\ok_front\cast_ok_0_7349.jpeg,0,train,2017,train
data\raw\casting_data\casting_data\train\ok_front\cast_ok_0_7355.jpeg,0,train,2018,test
data\raw\casting_data\casting_data\train\ok_front\cast_ok_0_7357.jpeg,0,train,2364,train
data\raw\casting_data\casting_data\train\ok_front\cast_ok_0_736.jpeg,0,train,2020,train
data\raw\casting_data\casting_data\train\ok_front\cast_ok_0_7367.jpeg,0,train,2452,test
data\raw\casting_data\casting_data\train\ok_front\cast_ok_0_7368.jpeg,0,train,2366,train
data\raw\casting_data\casting_data\train\ok_front\cast_ok_0_7370.jpeg,0,train,2023,val
data\raw\casting_data\casting_data\train\ok_front\cast_ok_0_7371.jpeg,0,train,3100,train
data\raw\casting_data\casting_data\train\ok_front\cast_ok_0_7372.jpeg,0,train,2025,train
data\raw\casting_data\casting_data\train\ok_front\cast_ok_0_7376.jpeg,0,train,2026,val
data\raw\casting_data\casting_data\train\ok_front\cast_ok_0_7379.jpeg,0,train,2027,train
data\raw\casting_data\casting_data\train\ok_front\cast_ok_0_738.jpeg,0,train,2212,train
data\raw\casting_data\casting_data\train\ok_front\cast_ok_0_7380.jpeg,0,train,2029,train
data\raw\casting_data\casting_data\train\ok_front\cast_ok_0_7381.jpeg,0,train,2030,val
data\raw\casting_data\casting_data\train\ok_front\cast_ok_0_7383.jpeg,0,train,2461,train
data\raw\casting_data\casting_data\train\ok_front\cast_ok_0_7385.jpeg,0,train,2046,test
data\raw\casting_data\casting_data\train\ok_front\cast_ok_0_7389.jpeg,0,train,2990,train
data\raw\casting_data\casting_data\train\ok_front\cast_ok_0_7390.jpeg,0,train,2034,train
data\raw\casting_data\casting_data\train\ok_front\cast_ok_0_740.jpeg,0,train,2035,train
data\raw\casting_data\casting_data\train\ok_front\cast_ok_0_7400.jpeg,0,train,3099,train
data\raw\casting_data\casting_data\train\ok_front\cast_ok_0_7402.jpeg,0,train,2037,val
data\raw\casting_data\casting_data\train\ok_front\cast_ok_0_7408.jpeg,0,train,2038,train
data\raw\casting_data\casting_data\train\ok_front\cast_ok_0_7411.jpeg,0,train,2446,train
data\raw\casting_data\casting_data\train\ok_front\cast_ok_0_7417.jpeg,0,train,2040,test
data\raw\casting_data\casting_data\train\ok_front\cast_ok_0_7420.jpeg,0,train,2041,val
data\raw\casting_data\casting_data\train\ok_front\cast_ok_0_7424.jpeg,0,train,2042,train
data\raw\casting_data\casting_data\train\ok_front\cast_ok_0_7435.jpeg,0,train,2043,train
data\raw\casting_data\casting_data\train\ok_front\cast_ok_0_7437.jpeg,0,train,2044,test
data\raw\casting_data\casting_data\train\ok_front\cast_ok_0_7441.jpeg,0,train,2278,train
data\raw\casting_data\casting_data\train\ok_front\cast_ok_0_7442.jpeg,0,train,2046,test
data\raw\casting_data\casting_data\train\ok_front\cast_ok_0_7446.jpeg,0,train,2047,train
data\raw\casting_data\casting_data\train\ok_front\cast_ok_0_7447.jpeg,0,train,2048,train
data\raw\casting_data\casting_data\train\ok_front\cast_ok_0_745.jpeg,0,train,2049,test
data\raw\casting_data\casting_data\train\ok_front\cast_ok_0_7451.jpeg,0,train,2750,train
data\raw\casting_data\casting_data\train\ok_front\cast_ok_0_7458.jpeg,0,train,2051,train
data\raw\casting_data\casting_data\train\ok_front\cast_ok_0_7459.jpeg,0,train,890,val
data\raw\casting_data\casting_data\train\ok_front\cast_ok_0_7463.jpeg,0,train,2053,train
data\raw\casting_data\casting_data\train\ok_front\cast_ok_0_7464.jpeg,0,train,2094,train
data\raw\casting_data\casting_data\train\ok_front\cast_ok_0_7465.jpeg,0,train,2055,train
data\raw\casting_data\casting_data\train\ok_front\cast_ok_0_7469.jpeg,0,train,2957,test
data\raw\casting_data\casting_data\train\ok_front\cast_ok_0_7473.jpeg,0,train,2057,val
data\raw\casting_data\casting_data\train\ok_front\cast_ok_0_7476.jpeg,0,train,2058,train
data\raw\casting_data\casting_data\train\ok_front\cast_ok_0_7477.jpeg,0,train,2059,train
data\raw\casting_data\casting_data\train\ok_front\cast_ok_0_7487.jpeg,0,train,2060,train
data\raw\casting_data\casting_data\train\ok_front\cast_ok_0_749.jpeg,0,train,2061,train
data\raw\casting_data\casting_data\train\ok_front\cast_ok_0_7491.jpeg,0,train,2123,train
data\raw\casting_data\casting_data\train\ok_front\cast_ok_0_7493.jpeg,0,train,2063,test
data\raw\casting_data\casting_data\train\ok_front\cast_ok_0_7494.jpeg,0,train,2064,train
data\raw\casting_data\casting_data\train\ok_front\cast_ok_0_75.jpeg,0,train,2318,train
data\raw\casting_data\casting_data\train\ok_front\cast_ok_0_750.jpeg,0,train,2066,train
data\raw\casting_data\casting_data\train\ok_front\cast_ok_0_7501.jpeg,0,train,2133,train
data\raw\casting_data\casting_data\train\ok_front\cast_ok_0_7507.jpeg,0,train,2068,val
data\raw\casting_data\casting_data\train\ok_front\cast_ok_0_751.jpeg,0,train,2069,train
data\raw\casting_data\casting_data\train\ok_front\cast_ok_0_7511.jpeg,0,train,3122,train
data\raw\casting_data\casting_data\train\ok_front\cast_ok_0_7513.jpeg,0,train,2071,train
data\raw\casting_data\casting_data\train\ok_front\cast_ok_0_7515.jpeg,0,train,2123,train
data\raw\casting_data\casting_data\train\ok_front\cast_ok_0_7517.jpeg,0,train,2073,train
data\raw\casting_data\casting_data\train\ok_front\cast_ok_0_7519.jpeg,0,train,2074,train
data\raw\casting_data\casting_data\train\ok_front\cast_ok_0_752.jpeg,0,train,2075,train
data\raw\casting_data\casting_data\train\ok_front\cast_ok_0_7524.jpeg,0,train,2076,train
data\raw\casting_data\casting_data\train\ok_front\cast_ok_0_7526.jpeg,0,train,2181,test
data\raw\casting_data\casting_data\train\ok_front\cast_ok_0_7529.jpeg,0,train,2300,train
data\raw\casting_data\casting_data\train\ok_front\cast_ok_0_7531.jpeg,0,train,2079,val
data\raw\casting_data\casting_data\train\ok_front\cast_ok_0_7534.jpeg,0,train,2080,test
data\raw\casting_data\casting_data\train\ok_front\cast_ok_0_7543.jpeg,0,train,3088,train
data\raw\casting_data\casting_data\train\ok_front\cast_ok_0_7546.jpeg,0,train,2082,test
data\raw\casting_data\casting_data\train\ok_front\cast_ok_0_7547.jpeg,0,train,2957,test
data\raw\casting_data\casting_data\train\ok_front\cast_ok_0_7548.jpeg,0,train,3082,train
data\raw\casting_data\casting_data\train\ok_front\cast_ok_0_7550.jpeg,0,train,2085,train
data\raw\casting_data\casting_data\train\ok_front\cast_ok_0_7557.jpeg,0,train,2086,train
data\raw\casting_data\casting_data\train\ok_front\cast_ok_0_7560.jpeg,0,train,2087,train
data\raw\casting_data\casting_data\train\ok_front\cast_ok_0_7565.jpeg,0,train,2088,test
data\raw\casting_data\casting_data\train\ok_front\cast_ok_0_7570.jpeg,0,train,2528,train
data\raw\casting_data\casting_data\train\ok_front\cast_ok_0_7574.jpeg,0,train,2090,train
data\raw\casting_data\casting_data\train\ok_front\cast_ok_0_7575.jpeg,0,train,2091,train
data\raw\casting_data\casting_data\train\ok_front\cast_ok_0_7576.jpeg,0,train,2092,val
data\raw\casting_data\casting_data\train\ok_front\cast_ok_0_7577.jpeg,0,train,2093,train
data\raw\casting_data\casting_data\train\ok_front\cast_ok_0_7583.jpeg,0,train,2094,train
data\raw\casting_data\casting_data\train\ok_front\cast_ok_0_7587.jpeg,0,train,3045,train
data\raw\casting_data\casting_data\train\ok_front\cast_ok_0_7588.jpeg,0,train,2096,test
data\raw\casting_data\casting_data\train\ok_front\cast_ok_0_7589.jpeg,0,train,2097,train
data\raw\casting_data\casting_data\train\ok_front\cast_ok_0_759.jpeg,0,train,2098,train
data\raw\casting_data\casting_data\train\ok_front\cast_ok_0_7591.jpeg,0,train,2099,train
data\raw\casting_data\casting_data\train\ok_front\cast_ok_0_7594.jpeg,0,train,2100,val
data\raw\casting_data\casting_data\train\ok_front\cast_ok_0_7595.jpeg,0,train,2101,val
data\raw\casting_data\casting_data\train\ok_front\cast_ok_0_7597.jpeg,0,train,2957,test
data\raw\casting_data\casting_data\train\ok_front\cast_ok_0_7599.jpeg,0,train,2103,train
data\raw\casting_data\casting_data\train\ok_front\cast_ok_0_76.jpeg,0,train,2104,train
data\raw\casting_data\casting_data\train\ok_front\cast_ok_0_7606.jpeg,0,train,3374,train
data\raw\casting_data\casting_data\train\ok_front\cast_ok_0_7607.jpeg,0,train,2106,train
data\raw\casting_data\casting_data\train\ok_front\cast_ok_0_7609.jpeg,0,train,2107,train
data\raw\casting_data\casting_data\train\ok_front\cast_ok_0_761.jpeg,0,train,2108,train
data\raw\casting_data\casting_data\train\ok_front\cast_ok_0_7613.jpeg,0,train,2109,train
data\raw\casting_data\casting_data\train\ok_front\cast_ok_0_7617.jpeg,0,train,2110,train
data\raw\casting_data\casting_data\train\ok_front\cast_ok_0_7618.jpeg,0,train,3025,train
data\raw\casting_data\casting_data\train\ok_front\cast_ok_0_7622.jpeg,0,train,2242,train
data\raw\casting_data\casting_data\train\ok_front\cast_ok_0_7627.jpeg,0,train,2113,train
data\raw\casting_data\casting_data\train\ok_front\cast_ok_0_7629.jpeg,0,train,2114,train
data\raw\casting_data\casting_data\train\ok_front\cast_ok_0_763.jpeg,0,train,2115,train
data\raw\casting_data\casting_data\train\ok_front\cast_ok_0_7632.jpeg,0,train,3025,train
data\raw\casting_data\casting_data\train\ok_front\cast_ok_0_7635.jpeg,0,train,2117,test
data\raw\casting_data\casting_data\train\ok_front\cast_ok_0_7636.jpeg,0,train,1865,val
data\raw\casting_data\casting_data\train\ok_front\cast_ok_0_7637.jpeg,0,train,2119,test
data\raw\casting_data\casting_data\train\ok_front\cast_ok_0_7644.jpeg,0,train,2120,train
data\raw\casting_data\casting_data\train\ok_front\cast_ok_0_7648.jpeg,0,train,2121,train
data\raw\casting_data\casting_data\train\ok_front\cast_ok_0_7656.jpeg,0,train,2912,train
data\raw\casting_data\casting_data\train\ok_front\cast_ok_0_766.jpeg,0,train,2123,train
data\raw\casting_data\casting_data\train\ok_front\cast_ok_0_7662.jpeg,0,train,2124,test
data\raw\casting_data\casting_data\train\ok_front\cast_ok_0_7664.jpeg,0,train,2125,train
data\raw\casting_data\casting_data\train\ok_front\cast_ok_0_7666.jpeg,0,train,2126,train
data\raw\casting_data\casting_data\train\ok_front\cast_ok_0_7667.jpeg,0,train,2127,train
data\raw\casting_data\casting_data\train\ok_front\cast_ok_0_7671.jpeg,0,train,2128,train
data\raw\casting_data\casting_data\train\ok_front\cast_ok_0_7673.jpeg,0,train,3013,train
data\raw\casting_data\casting_data\train\ok_front\cast_ok_0_7674.jpeg,0,train,2130,train
data\raw\casting_data\casting_data\train\ok_front\cast_ok_0_7677.jpeg,0,train,2131,train
data\raw\casting_data\casting_data\train\ok_front\cast_ok_0_7678.jpeg,0,train,2132,train
data\raw\casting_data\casting_data\train\ok_front\cast_ok_0_7679.jpeg,0,train,2133,train
data\raw\casting_data\casting_data\train\ok_front\cast_ok_0_768.jpeg,0,train,2134,train
data\raw\casting_data\casting_data\train\ok_front\cast_ok_0_7683.jpeg,0,train,2683,train
data\raw\casting_data\casting_data\train\ok_front\cast_ok_0_7685.jpeg,0,train,3056,train
data\raw\casting_data\casting_data\train\ok_front\cast_ok_0_7689.jpeg,0,train,2463,train
data\raw\casting_data\casting_data\train\ok_front\cast_ok_0_7695.jpeg,0,train,2578,train
data\raw\casting_data\casting_data\train\ok_front\cast_ok_0_77.jpeg,0,train,2139,train
data\raw\casting_data\casting_data\train\ok_front\cast_ok_0_7701.jpeg,0,train,2947,test
data\raw\casting_data\casting_data\train\ok_front\cast_ok_0_7702.jpeg,0,train,2141,train
data\raw\casting_data\casting_data\train\ok_front\cast_ok_0_7707.jpeg,0,train,2560,train
data\raw\casting_data\casting_data\train\ok_front\cast_ok_0_7712.jpeg,0,train,2912,train
data\raw\casting_data\casting_data\train\ok_front\cast_ok_0_7717.jpeg,0,train,2144,train
data\raw\casting_data\casting_data\train\ok_front\cast_ok_0_7719.jpeg,0,train,2750,train
data\raw\casting_data\casting_data\train\ok_front\cast_ok_0_772.jpeg,0,train,2952,train
data\raw\casting_data\casting_data\train\ok_front\cast_ok_0_7722.jpeg,0,train,3066,val
data\raw\casting_data\casting_data\train\ok_front\cast_ok_0_7725.jpeg,0,train,2148,train
data\raw\casting_data\casting_data\train\ok_front\cast_ok_0_7727.jpeg,0,train,3013,train
data\raw\casting_data\casting_data\train\ok_front\cast_ok_0_7732.jpeg,0,train,2150,train
data\raw\casting_data\casting_data\train\ok_front\cast_ok_0_7734.jpeg,0,train,2151,train
data\raw\casting_data\casting_data\train\ok_front\cast_ok_0_7736.jpeg,0,train,2152,train
data\raw\casting_data\casting_data\train\ok_front\cast_ok_0_7740.jpeg,0,train,2750,train
data\raw\casting_data\casting_data\train\ok_front\cast_ok_0_7746.jpeg,0,train,2154,train
data\raw\casting_data\casting_data\train\ok_front\cast_ok_0_7753.jpeg,0,train,2704,val
data\raw\casting_data\casting_data\train\ok_front\cast_ok_0_7754.jpeg,0,train,2156,test
data\raw\casting_data\casting_data\train\ok_front\cast_ok_0_7760.jpeg,0,train,2995,val
data\raw\casting_data\casting_data\train\ok_front\cast_ok_0_777.jpeg,0,train,2158,test
data\raw\casting_data\casting_data\train\ok_front\cast_ok_0_7776.jpeg,0,train,2159,train
data\raw\casting_data\casting_data\train\ok_front\cast_ok_0_778.jpeg,0,train,2160,val
data\raw\casting_data\casting_data\train\ok_front\cast_ok_0_7781.jpeg,0,train,2161,train
data\raw\casting_data\casting_data\train\ok_front\cast_ok_0_7786.jpeg,0,train,2761,train
data\raw\casting_data\casting_data\train\ok_front\cast_ok_0_7789.jpeg,0,train,2163,train
data\raw\casting_data\casting_data\train\ok_front\cast_ok_0_779.jpeg,0,train,2505,val
data\raw\casting_data\casting_data\train\ok_front\cast_ok_0_7790.jpeg,0,train,2165,train
data\raw\casting_data\casting_data\train\ok_front\cast_ok_0_78.jpeg,0,train,2166,train
data\raw\casting_data\casting_data\train\ok_front\cast_ok_0_7806.jpeg,0,train,2167,train
data\raw\casting_data\casting_data\train\ok_front\cast_ok_0_7807.jpeg,0,train,2168,val
data\raw\casting_data\casting_data\train\ok_front\cast_ok_0_7815.jpeg,0,train,2169,train
data\raw\casting_data\casting_data\train\ok_front\cast_ok_0_7819.jpeg,0,train,2170,train
data\raw\casting_data\casting_data\train\ok_front\cast_ok_0_782.jpeg,0,train,2171,train
data\raw\casting_data\casting_data\train\ok_front\cast_ok_0_7824.jpeg,0,train,2172,val
data\raw\casting_data\casting_data\train\ok_front\cast_ok_0_7825.jpeg,0,train,2173,val
data\raw\casting_data\casting_data\train\ok_front\cast_ok_0_7826.jpeg,0,train,2174,train
data\raw\casting_data\casting_data\train\ok_front\cast_ok_0_7829.jpeg,0,train,2175,val
data\raw\casting_data\casting_data\train\ok_front\cast_ok_0_783.jpeg,0,train,2176,train
data\raw\casting_data\casting_data\train\ok_front\cast_ok_0_7830.jpeg,0,train,2177,train
data\raw\casting_data\casting_data\train\ok_front\cast_ok_0_7834.jpeg,0,train,2178,train
data\raw\casting_data\casting_data\train\ok_front\cast_ok_0_7836.jpeg,0,train,2179,train
data\raw\casting_data\casting_data\train\ok_front\cast_ok_0_7837.jpeg,0,train,2180,train
data\raw\casting_data\casting_data\train\ok_front\cast_ok_0_7838.jpeg,0,train,2181,test
data\raw\casting_data\casting_data\train\ok_front\cast_ok_0_7843.jpeg,0,train,3130,train
data\raw\casting_data\casting_data\train\ok_front\cast_ok_0_7845.jpeg,0,train,2183,train
data\raw\casting_data\casting_data\train\ok_front\cast_ok_0_7847.jpeg,0,train,2184,val
data\raw\casting_data\casting_data\train\ok_front\cast_ok_0_7848.jpeg,0,train,3016,train
data\raw\casting_data\casting_data\train\ok_front\cast_ok_0_7849.jpeg,0,train,2186,val
data\raw\casting_data\casting_data\train\ok_front\cast_ok_0_7852.jpeg,0,train,2187,train
data\raw\casting_data\casting_data\train\ok_front\cast_ok_0_7854.jpeg,0,train,2188,train
data\raw\casting_data\casting_data\train\ok_front\cast_ok_0_7856.jpeg,0,train,2189,train
data\raw\casting_data\casting_data\train\ok_front\cast_ok_0_7857.jpeg,0,train,2363,train
data\raw\casting_data\casting_data\train\ok_front\cast_ok_0_7859.jpeg,0,train,2191,val
data\raw\casting_data\casting_data\train\ok_front\cast_ok_0_7864.jpeg,0,train,2836,train
data\raw\casting_data\casting_data\train\ok_front\cast_ok_0_7866.jpeg,0,train,2193,train
data\raw\casting_data\casting_data\train\ok_front\cast_ok_0_7870.jpeg,0,train,2194,train
data\raw\casting_data\casting_data\train\ok_front\cast_ok_0_7873.jpeg,0,train,2195,train
data\raw\casting_data\casting_data\train\ok_front\cast_ok_0_7879.jpeg,0,train,2196,train
data\raw\casting_data\casting_data\train\ok_front\cast_ok_0_7880.jpeg,0,train,3255,val
data\raw\casting_data\casting_data\train\ok_front\cast_ok_0_7883.jpeg,0,train,2198,train
data\raw\casting_data\casting_data\train\ok_front\cast_ok_0_7888.jpeg,0,train,2199,val
data\raw\casting_data\casting_data\train\ok_front\cast_ok_0_7889.jpeg,0,train,2200,train
data\raw\casting_data\casting_data\train\ok_front\cast_ok_0_789.jpeg,0,train,2201,train
data\raw\casting_data\casting_data\train\ok_front\cast_ok_0_7890.jpeg,0,train,3046,train
data\raw\casting_data\casting_data\train\ok_front\cast_ok_0_7891.jpeg,0,train,2203,train
data\raw\casting_data\casting_data\train\ok_front\cast_ok_0_7893.jpeg,0,train,2204,val
data\raw\casting_data\casting_data\train\ok_front\cast_ok_0_7901.jpeg,0,train,2205,train
data\raw\casting_data\casting_data\train\ok_front\cast_ok_0_7903.jpeg,0,train,2651,train
data\raw\casting_data\casting_data\train\ok_front\cast_ok_0_7906.jpeg,0,train,2207,train
data\raw\casting_data\casting_data\train\ok_front\cast_ok_0_791.jpeg,0,train,2718,train
data\raw\casting_data\casting_data\train\ok_front\cast_ok_0_7911.jpeg,0,train,2912,train
data\raw\casting_data\casting_data\train\ok_front\cast_ok_0_7914.jpeg,0,train,2210,train
data\raw\casting_data\casting_data\train\ok_front\cast_ok_0_7915.jpeg,0,train,2211,train
data\raw\casting_data\casting_data\train\ok_front\cast_ok_0_7916.jpeg,0,train,2212,train
data\raw\casting_data\casting_data\train\ok_front\cast_ok_0_7919.jpeg,0,train,2213,train
data\raw\casting_data\casting_data\train\ok_front\cast_ok_0_792.jpeg,0,train,2214,train
data\raw\casting_data\casting_data\train\ok_front\cast_ok_0_7921.jpeg,0,train,2215,train
data\raw\casting_data\casting_data\train\ok_front\cast_ok_0_7922.jpeg,0,train,2216,train
data\raw\casting_data\casting_data\train\ok_front\cast_ok_0_7927.jpeg,0,train,2217,train
data\raw\casting_data\casting_data\train\ok_front\cast_ok_0_7928.jpeg,0,train,2218,train
data\raw\casting_data\casting_data\train\ok_front\cast_ok_0_7929.jpeg,0,train,3115,train
data\raw\casting_data\casting_data\train\ok_front\cast_ok_0_793.jpeg,0,train,2220,train
data\raw\casting_data\casting_data\train\ok_front\cast_ok_0_7932.jpeg,0,train,2221,train
data\raw\casting_data\casting_data\train\ok_front\cast_ok_0_7933.jpeg,0,train,2222,train
data\raw\casting_data\casting_data\train\ok_front\cast_ok_0_7938.jpeg,0,train,1778,val
data\raw\casting_data\casting_data\train\ok_front\cast_ok_0_7939.jpeg,0,train,2224,train
data\raw\casting_data\casting_data\train\ok_front\cast_ok_0_7946.jpeg,0,train,2225,train
data\raw\casting_data\casting_data\train\ok_front\cast_ok_0_7948.jpeg,0,train,2226,test
data\raw\casting_data\casting_data\train\ok_front\cast_ok_0_7949.jpeg,0,train,2227,train
data\raw\casting_data\casting_data\train\ok_front\cast_ok_0_7950.jpeg,0,train,2228,val
data\raw\casting_data\casting_data\train\ok_front\cast_ok_0_7951.jpeg,0,train,2229,train
data\raw\casting_data\casting_data\train\ok_front\cast_ok_0_796.jpeg,0,train,2230,train
data\raw\casting_data\casting_data\train\ok_front\cast_ok_0_7960.jpeg,0,train,2231,test
data\raw\casting_data\casting_data\train\ok_front\cast_ok_0_7966.jpeg,0,train,2232,test
data\raw\casting_data\casting_data\train\ok_front\cast_ok_0_797.jpeg,0,train,2233,train
data\raw\casting_data\casting_data\train\ok_front\cast_ok_0_7978.jpeg,0,train,2310,test
data\raw\casting_data\casting_data\train\ok_front\cast_ok_0_7982.jpeg,0,train,2235,train
data\raw\casting_data\casting_data\train\ok_front\cast_ok_0_7986.jpeg,0,train,2236,test
data\raw\casting_data\casting_data\train\ok_front\cast_ok_0_7987.jpeg,0,train,2237,train
data\raw\casting_data\casting_data\train\ok_front\cast_ok_0_7988.jpeg,0,train,3037,train
data\raw\casting_data\casting_data\train\ok_front\cast_ok_0_7989.jpeg,0,train,2239,test
data\raw\casting_data\casting_data\train\ok_front\cast_ok_0_7994.jpeg,0,train,2240,val
data\raw\casting_data\casting_data\train\ok_front\cast_ok_0_7995.jpeg,0,train,2241,val
data\raw\casting_data\casting_data\train\ok_front\cast_ok_0_8.jpeg,0,train,2242,train
data\raw\casting_data\casting_data\train\ok_front\cast_ok_0_8003.jpeg,0,train,2243,test
data\raw\casting_data\casting_data\train\ok_front\cast_ok_0_801.jpeg,0,train,2244,val
data\raw\casting_data\casting_data\train\ok_front\cast_ok_0_8015.jpeg,0,train,2957,test
data\raw\casting_data\casting_data\train\ok_front\cast_ok_0_8016.jpeg,0,train,2246,val
data\raw\casting_data\casting_data\train\ok_front\cast_ok_0_802.jpeg,0,train,2247,test
data\raw\casting_data\casting_data\train\ok_front\cast_ok_0_8024.jpeg,0,train,2248,train
data\raw\casting_data\casting_data\train\ok_front\cast_ok_0_8026.jpeg,0,train,2249,train
data\raw\casting_data\casting_data\train\ok_front\cast_ok_0_8027.jpeg,0,train,2710,train
data\raw\casting_data\casting_data\train\ok_front\cast_ok_0_8028.jpeg,0,train,2251,val
data\raw\casting_data\casting_data\train\ok_front\cast_ok_0_8031.jpeg,0,train,2275,test
data\raw\casting_data\casting_data\train\ok_front\cast_ok_0_8033.jpeg,0,train,2253,train
data\raw\casting_data\casting_data\train\ok_front\cast_ok_0_8034.jpeg,0,train,2254,train
data\raw\casting_data\casting_data\train\ok_front\cast_ok_0_8035.jpeg,0,train,2255,test
data\raw\casting_data\casting_data\train\ok_front\cast_ok_0_8036.jpeg,0,train,2528,train
data\raw\casting_data\casting_data\train\ok_front\cast_ok_0_8042.jpeg,0,train,2257,train
data\raw\casting_data\casting_data\train\ok_front\cast_ok_0_8044.jpeg,0,train,2934,val
data\raw\casting_data\casting_data\train\ok_front\cast_ok_0_8047.jpeg,0,train,2259,train
data\raw\casting_data\casting_data\train\ok_front\cast_ok_0_805.jpeg,0,train,3121,train
data\raw\casting_data\casting_data\train\ok_front\cast_ok_0_8051.jpeg,0,train,2957,test
data\raw\casting_data\casting_data\train\ok_front\cast_ok_0_8062.jpeg,0,train,2193,train
data\raw\casting_data\casting_data\train\ok_front\cast_ok_0_8065.jpeg,0,train,2263,train
data\raw\casting_data\casting_data\train\ok_front\cast_ok_0_807.jpeg,0,train,2264,train
data\raw\casting_data\casting_data\train\ok_front\cast_ok_0_8073.jpeg,0,train,2265,train
data\raw\casting_data\casting_data\train\ok_front\cast_ok_0_8074.jpeg,0,train,2266,train
data\raw\casting_data\casting_data\train\ok_front\cast_ok_0_8081.jpeg,0,train,2435,test
data\raw\casting_data\casting_data\train\ok_front\cast_ok_0_8085.jpeg,0,train,2662,train
data\raw\casting_data\casting_data\train\ok_front\cast_ok_0_8089.jpeg,0,train,2269,train
data\raw\casting_data\casting_data\train\ok_front\cast_ok_0_809.jpeg,0,train,3106,train
data\raw\casting_data\casting_data\train\ok_front\cast_ok_0_8090.jpeg,0,train,2574,val
data\raw\casting_data\casting_data\train\ok_front\cast_ok_0_8093.jpeg,0,train,2272,train
data\raw\casting_data\casting_data\train\ok_front\cast_ok_0_8095.jpeg,0,train,2506,val
data\raw\casting_data\casting_data\train\ok_front\cast_ok_0_8096.jpeg,0,train,2274,train
data\raw\casting_data\casting_data\train\ok_front\cast_ok_0_810.jpeg,0,train,2275,test
data\raw\casting_data\casting_data\train\ok_front\cast_ok_0_8107.jpeg,0,train,2650,train
data\raw\casting_data\casting_data\train\ok_front\cast_ok_0_8109.jpeg,0,train,2981,train
data\raw\casting_data\casting_data\train\ok_front\cast_ok_0_811.jpeg,0,train,2278,train
data\raw\casting_data\casting_data\train\ok_front\cast_ok_0_8110.jpeg,0,train,2279,train
data\raw\casting_data\casting_data\train\ok_front\cast_ok_0_8115.jpeg,0,train,2280,train
data\raw\casting_data\casting_data\train\ok_front\cast_ok_0_8117.jpeg,0,train,2281,train
data\raw\casting_data\casting_data\train\ok_front\cast_ok_0_8118.jpeg,0,train,2282,val
data\raw\casting_data\casting_data\train\ok_front\cast_ok_0_8120.jpeg,0,train,2283,train
data\raw\casting_data\casting_data\train\ok_front\cast_ok_0_8121.jpeg,0,train,2284,val
data\raw\casting_data\casting_data\train\ok_front\cast_ok_0_8124.jpeg,0,train,2836,train
data\raw\casting_data\casting_data\train\ok_front\cast_ok_0_8126.jpeg,0,train,3101,val
data\raw\casting_data\casting_data\train\ok_front\cast_ok_0_8128.jpeg,0,train,2287,train
data\raw\casting_data\casting_data\train\ok_front\cast_ok_0_8130.jpeg,0,train,2288,train
data\raw\casting_data\casting_data\train\ok_front\cast_ok_0_8133.jpeg,0,train,2289,test
data\raw\casting_data\casting_data\train\ok_front\cast_ok_0_8136.jpeg,0,train,2290,train
data\raw\casting_data\casting_data\train\ok_front\cast_ok_0_8138.jpeg,0,train,2291,train
data\raw\casting_data\casting_data\train\ok_front\cast_ok_0_8141.jpeg,0,train,2858,train
data\raw\casting_data\casting_data\train\ok_front\cast_ok_0_8142.jpeg,0,train,2669,train
data\raw\casting_data\casting_data\train\ok_front\cast_ok_0_8144.jpeg,0,train,2528,train
data\raw\casting_data\casting_data\train\ok_front\cast_ok_0_8147.jpeg,0,train,2295,train
data\raw\casting_data\casting_data\train\ok_front\cast_ok_0_8148.jpeg,0,train,2476,train
data\raw\casting_data\casting_data\train\ok_front\cast_ok_0_8152.jpeg,0,train,2297,train
data\raw\casting_data\casting_data\train\ok_front\cast_ok_0_8158.jpeg,0,train,2298,val
data\raw\casting_data\casting_data\train\ok_front\cast_ok_0_8161.jpeg,0,train,2299,train
data\raw\casting_data\casting_data\train\ok_front\cast_ok_0_8168.jpeg,0,train,2300,train
data\raw\casting_data\casting_data\train\ok_front\cast_ok_0_8171.jpeg,0,train,2301,train
data\raw\casting_data\casting_data\train\ok_front\cast_ok_0_8173.jpeg,0,train,2302,train
data\raw\casting_data\casting_data\train\ok_front\cast_ok_0_8175.jpeg,0,train,2303,train
data\raw\casting_data\casting_data\train\ok_front\cast_ok_0_8178.jpeg,0,train,1930,val
data\raw\casting_data\casting_data\train\ok_front\cast_ok_0_8179.jpeg,0,train,2305,train
data\raw\casting_data\casting_data\train\ok_front\cast_ok_0_8185.jpeg,0,train,2700,train
data\raw\casting_data\casting_data\train\ok_front\cast_ok_0_8192.jpeg,0,train,2858,train
data\raw\casting_data\casting_data\train\ok_front\cast_ok_0_8196.jpeg,0,train,2308,train
data\raw\casting_data\casting_data\train\ok_front\cast_ok_0_8199.jpeg,0,train,2309,train
data\raw\casting_data\casting_data\train\ok_front\cast_ok_0_82.jpeg,0,train,2310,test
data\raw\casting_data\casting_data\train\ok_front\cast_ok_0_8201.jpeg,0,train,2987,train
data\raw\casting_data\casting_data\train\ok_front\cast_ok_0_8210.jpeg,0,train,2312,train
data\raw\casting_data\casting_data\train\ok_front\cast_ok_0_8212.jpeg,0,train,2313,train
data\raw\casting_data\casting_data\train\ok_front\cast_ok_0_8214.jpeg,0,train,2314,train
data\raw\casting_data\casting_data\train\ok_front\cast_ok_0_8215.jpeg,0,train,2315,val
data\raw\casting_data\casting_data\train\ok_front\cast_ok_0_8221.jpeg,0,train,3046,train
data\raw\casting_data\casting_data\train\ok_front\cast_ok_0_8227.jpeg,0,train,2942,train
data\raw\casting_data\casting_data\train\ok_front\cast_ok_0_8234.jpeg,0,train,2318,train
data\raw\casting_data\casting_data\train\ok_front\cast_ok_0_8235.jpeg,0,train,2319,train
data\raw\casting_data\casting_data\train\ok_front\cast_ok_0_8239.jpeg,0,train,2320,train
data\raw\casting_data\casting_data\train\ok_front\cast_ok_0_824.jpeg,0,train,3121,train
data\raw\casting_data\casting_data\train\ok_front\cast_ok_0_8254.jpeg,0,train,2322,val
data\raw\casting_data\casting_data\train\ok_front\cast_ok_0_8257.jpeg,0,train,2323,test
data\raw\casting_data\casting_data\train\ok_front\cast_ok_0_8260.jpeg,0,train,3037,train
data\raw\casting_data\casting_data\train\ok_front\cast_ok_0_8262.jpeg,0,train,2325,train
data\raw\casting_data\casting_data\train\ok_front\cast_ok_0_8264.jpeg,0,train,2326,val
data\raw\casting_data\casting_data\train\ok_front\cast_ok_0_8265.jpeg,0,train,2327,train
data\raw\casting_data\casting_data\train\ok_front\cast_ok_0_8267.jpeg,0,train,2504,train
data\raw\casting_data\casting_data\train\ok_front\cast_ok_0_8269.jpeg,0,train,2329,train
data\raw\casting_data\casting_data\train\ok_front\cast_ok_0_827.jpeg,0,train,2330,train
data\raw\casting_data\casting_data\train\ok_front\cast_ok_0_8271.jpeg,0,train,3021,test
data\raw\casting_data\casting_data\train\ok_front\cast_ok_0_8274.jpeg,0,train,2332,train
data\raw\casting_data\casting_data\train\ok_front\cast_ok_0_8276.jpeg,0,train,2333,train
data\raw\casting_data\casting_data\train\ok_front\cast_ok_0_8277.jpeg,0,train,2334,train
data\raw\casting_data\casting_data\train\ok_front\cast_ok_0_8279.jpeg,0,train,2983,test
data\raw\casting_data\casting_data\train\ok_front\cast_ok_0_8281.jpeg,0,train,3091,test
data\raw\casting_data\casting_data\train\ok_front\cast_ok_0_8293.jpeg,0,train,2337,train
data\raw\casting_data\casting_data\train\ok_front\cast_ok_0_8294.jpeg,0,train,2753,test
data\raw\casting_data\casting_data\train\ok_front\cast_ok_0_8300.jpeg,0,train,2339,val
data\raw\casting_data\casting_data\train\ok_front\cast_ok_0_8302.jpeg,0,train,2340,test
data\raw\casting_data\casting_data\train\ok_front\cast_ok_0_8303.jpeg,0,train,2341,train
data\raw\casting_data\casting_data\train\ok_front\cast_ok_0_8307.jpeg,0,train,2342,train
data\raw\casting_data\casting_data\train\ok_front\cast_ok_0_8310.jpeg,0,train,2399,train
data\raw\casting_data\casting_data\train\ok_front\cast_ok_0_8312.jpeg,0,train,2344,test
data\raw\casting_data\casting_data\train\ok_front\cast_ok_0_8316.jpeg,0,train,2345,train
data\raw\casting_data\casting_data\train\ok_front\cast_ok_0_8317.jpeg,0,train,2346,val
data\raw\casting_data\casting_data\train\ok_front\cast_ok_0_8327.jpeg,0,train,2347,test
data\raw\casting_data\casting_data\train\ok_front\cast_ok_0_8332.jpeg,0,train,2348,test
data\raw\casting_data\casting_data\train\ok_front\cast_ok_0_8339.jpeg,0,train,2349,train
data\raw\casting_data\casting_data\train\ok_front\cast_ok_0_8342.jpeg,0,train,3113,train
data\raw\casting_data\casting_data\train\ok_front\cast_ok_0_8343.jpeg,0,train,2351,train
data\raw\casting_data\casting_data\train\ok_front\cast_ok_0_8351.jpeg,0,train,2352,train
data\raw\casting_data\casting_data\train\ok_front\cast_ok_0_8353.jpeg,0,train,2353,train
data\raw\casting_data\casting_data\train\ok_front\cast_ok_0_8359.jpeg,0,train,2528,train
data\raw\casting_data\casting_data\train\ok_front\cast_ok_0_8366.jpeg,0,train,2355,train
data\raw\casting_data\casting_data\train\ok_front\cast_ok_0_837.jpeg,0,train,2669,train
data\raw\casting_data\casting_data\train\ok_front\cast_ok_0_8375.jpeg,0,train,2682,train
data\raw\casting_data\casting_data\train\ok_front\cast_ok_0_8377.jpeg,0,train,2358,test
data\raw\casting_data\casting_data\train\ok_front\cast_ok_0_8378.jpeg,0,train,2359,train
data\raw\casting_data\casting_data\train\ok_front\cast_ok_0_8379.jpeg,0,train,2360,test
data\raw\casting_data\casting_data\train\ok_front\cast_ok_0_8382.jpeg,0,train,2361,train
data\raw\casting_data\casting_data\train\ok_front\cast_ok_0_8383.jpeg,0,train,2787,test
data\raw\casting_data\casting_data\train\ok_front\cast_ok_0_8384.jpeg,0,train,2363,train
data\raw\casting_data\casting_data\train\ok_front\cast_ok_0_8387.jpeg,0,train,2364,train
data\raw\casting_data\casting_data\train\ok_front\cast_ok_0_8391.jpeg,0,train,2365,train
data\raw\casting_data\casting_data\train\ok_front\cast_ok_0_8392.jpeg,0,train,2366,train
data\raw\casting_data\casting_data\train\ok_front\cast_ok_0_8397.jpeg,0,train,2787,test
data\raw\casting_data\casting_data\train\ok_front\cast_ok_0_8404.jpeg,0,train,2669,train
data\raw\casting_data\casting_data\train\ok_front\cast_ok_0_8405.jpeg,0,train,2369,train
data\raw\casting_data\casting_data\train\ok_front\cast_ok_0_841.jpeg,0,train,2783,train
data\raw\casting_data\casting_data\train\ok_front\cast_ok_0_8412.jpeg,0,train,2645,test
data\raw\casting_data\casting_data\train\ok_front\cast_ok_0_8413.jpeg,0,train,2372,val
data\raw\casting_data\casting_data\train\ok_front\cast_ok_0_8420.jpeg,0,train,2373,train
data\raw\casting_data\casting_data\train\ok_front\cast_ok_0_8421.jpeg,0,train,2374,train
data\raw\casting_data\casting_data\train\ok_front\cast_ok_0_8427.jpeg,0,train,2375,train
data\raw\casting_data\casting_data\train\ok_front\cast_ok_0_8436.jpeg,0,train,2376,train
data\raw\casting_data\casting_data\train\ok_front\cast_ok_0_844.jpeg,0,train,2377,test
data\raw\casting_data\casting_data\train\ok_front\cast_ok_0_8442.jpeg,0,train,2746,train
data\raw\casting_data\casting_data\train\ok_front\cast_ok_0_8443.jpeg,0,train,2379,train
data\raw\casting_data\casting_data\train\ok_front\cast_ok_0_8446.jpeg,0,train,2380,train
data\raw\casting_data\casting_data\train\ok_front\cast_ok_0_8456.jpeg,0,train,2381,test
data\raw\casting_data\casting_data\train\ok_front\cast_ok_0_8459.jpeg,0,train,2382,train
data\raw\casting_data\casting_data\train\ok_front\cast_ok_0_8460.jpeg,0,train,2383,train
data\raw\casting_data\casting_data\train\ok_front\cast_ok_0_8465.jpeg,0,train,2505,val
data\raw\casting_data\casting_data\train\ok_front\cast_ok_0_8466.jpeg,0,train,2385,train
data\raw\casting_data\casting_data\train\ok_front\cast_ok_0_8467.jpeg,0,train,2386,val
data\raw\casting_data\casting_data\train\ok_front\cast_ok_0_8476.jpeg,0,train,2957,test
data\raw\casting_data\casting_data\train\ok_front\cast_ok_0_8478.jpeg,0,train,2842,train
data\raw\casting_data\casting_data\train\ok_front\cast_ok_0_8479.jpeg,0,train,2389,val
data\raw\casting_data\casting_data\train\ok_front\cast_ok_0_8485.jpeg,0,train,2390,train
data\raw\casting_data\casting_data\train\ok_front\cast_ok_0_8490.jpeg,0,train,2391,train
data\raw\casting_data\casting_data\train\ok_front\cast_ok_0_8498.jpeg,0,train,2618,train
data\raw\casting_data\casting_data\train\ok_front\cast_ok_0_8503.jpeg,0,train,2654,train
data\raw\casting_data\casting_data\train\ok_front\cast_ok_0_8505.jpeg,0,train,2394,test
data\raw\casting_data\casting_data\train\ok_front\cast_ok_0_8507.jpeg,0,train,2395,train
data\raw\casting_data\casting_data\train\ok_front\cast_ok_0_8508.jpeg,0,train,2673,train
data\raw\casting_data\casting_data\train\ok_front\cast_ok_0_8509.jpeg,0,train,2397,train
data\raw\casting_data\casting_data\train\ok_front\cast_ok_0_8513.jpeg,0,train,2528,train
data\raw\casting_data\casting_data\train\ok_front\cast_ok_0_8517.jpeg,0,train,2399,train
data\raw\casting_data\casting_data\train\ok_front\cast_ok_0_8523.jpeg,0,train,3038,train
data\raw\casting_data\casting_data\train\ok_front\cast_ok_0_8526.jpeg,0,train,2523,train
data\raw\casting_data\casting_data\train\ok_front\cast_ok_0_853.jpeg,0,train,2849,val
data\raw\casting_data\casting_data\train\ok_front\cast_ok_0_8533.jpeg,0,train,2403,train
data\raw\casting_data\casting_data\train\ok_front\cast_ok_0_8535.jpeg,0,train,3128,val
data\raw\casting_data\casting_data\train\ok_front\cast_ok_0_8536.jpeg,0,train,2405,val
data\raw\casting_data\casting_data\train\ok_front\cast_ok_0_8538.jpeg,0,train,2406,train
data\raw\casting_data\casting_data\train\ok_front\cast_ok_0_854.jpeg,0,train,890,val
data\raw\casting_data\casting_data\train\ok_front\cast_ok_0_8542.jpeg,0,train,2408,test
data\raw\casting_data\casting_data\train\ok_front\cast_ok_0_8545.jpeg,0,train,2435,test
data\raw\casting_data\casting_data\train\ok_front\cast_ok_0_8546.jpeg,0,train,2410,train
data\raw\casting_data\casting_data\train\ok_front\cast_ok_0_855.jpeg,0,train,2411,train
data\raw\casting_data\casting_data\train\ok_front\cast_ok_0_8554.jpeg,0,train,2452,test
data\raw\casting_data\casting_data\train\ok_front\cast_ok_0_8555.jpeg,0,train,2413,train
data\raw\casting_data\casting_data\train\ok_front\cast_ok_0_8562.jpeg,0,train,2414,train
data\raw\casting_data\casting_data\train\ok_front\cast_ok_0_8568.jpeg,0,train,2415,train
data\raw\casting_data\casting_data\train\ok_front\cast_ok_0_857.jpeg,0,train,2416,train
data\raw\casting_data\casting_data\train\ok_front\cast_ok_0_8577.jpeg,0,train,2417,test
data\raw\casting_data\casting_data\train\ok_front\cast_ok_0_8578.jpeg,0,train,3120,train
data\raw\casting_data\casting_data\train\ok_front\cast_ok_0_8582.jpeg,0,train,2983,test
data\raw\casting_data\casting_data\train\ok_front\cast_ok_0_8584.jpeg,0,train,2420,train
data\raw\casting_data\casting_data\train\ok_front\cast_ok_0_8587.jpeg,0,train,890,val
data\raw\casting_data\casting_data\train\ok_front\cast_ok_0_8593.jpeg,0,train,3129,train
data\raw\casting_data\casting_data\train\ok_front\cast_ok_0_8594.jpeg,0,train,2423,train
data\raw\casting_data\casting_data\train\ok_front\cast_ok_0_8598.jpeg,0,train,2424,train
data\raw\casting_data\casting_data\train\ok_front\cast_ok_0_8599.jpeg,0,train,2425,train
data\raw\casting_data\casting_data\train\ok_front\cast_ok_0_860.jpeg,0,train,2426,train
data\raw\casting_data\casting_data\train\ok_front\cast_ok_0_8600.jpeg,0,train,2427,val
data\raw\casting_data\casting_data\train\ok_front\cast_ok_0_8601.jpeg,0,train,2428,train
data\raw\casting_data\casting_data\train\ok_front\cast_ok_0_8603.jpeg,0,train,2429,train
data\raw\casting_data\casting_data\train\ok_front\cast_ok_0_8606.jpeg,0,train,2430,train
data\raw\casting_data\casting_data\train\ok_front\cast_ok_0_8610.jpeg,0,train,2431,train
data\raw\casting_data\casting_data\train\ok_front\cast_ok_0_8612.jpeg,0,train,2432,test
data\raw\casting_data\casting_data\train\ok_front\cast_ok_0_8618.jpeg,0,train,1165,train
data\raw\casting_data\casting_data\train\ok_front\cast_ok_0_8619.jpeg,0,train,2983,test
data\raw\casting_data\casting_data\train\ok_front\cast_ok_0_8621.jpeg,0,train,2435,test
data\raw\casting_data\casting_data\train\ok_front\cast_ok_0_863.jpeg,0,train,3098,train
data\raw\casting_data\casting_data\train\ok_front\cast_ok_0_8634.jpeg,0,train,2437,train
data\raw\casting_data\casting_data\train\ok_front\cast_ok_0_8637.jpeg,0,train,2438,train
data\raw\casting_data\casting_data\train\ok_front\cast_ok_0_8638.jpeg,0,train,2439,train
data\raw\casting_data\casting_data\train\ok_front\cast_ok_0_8639.jpeg,0,train,2836,train
data\raw\casting_data\casting_data\train\ok_front\cast_ok_0_864.jpeg,0,train,3100,train
data\raw\casting_data\casting_data\train\ok_front\cast_ok_0_8643.jpeg,0,train,2951,train
data\raw\casting_data\casting_data\train\ok_front\cast_ok_0_8645.jpeg,0,train,2443,train
data\raw\casting_data\casting_data\train\ok_front\cast_ok_0_8646.jpeg,0,train,2444,test
data\raw\casting_data\casting_data\train\ok_front\cast_ok_0_8649.jpeg,0,train,2445,val
data\raw\casting_data\casting_data\train\ok_front\cast_ok_0_8650.jpeg,0,train,2446,train
data\raw\casting_data\casting_data\train\ok_front\cast_ok_0_8660.jpeg,0,train,2447,train
data\raw\casting_data\casting_data\train\ok_front\cast_ok_0_8661.jpeg,0,train,2987,train
data\raw\casting_data\casting_data\train\ok_front\cast_ok_0_8670.jpeg,0,train,2449,train
data\raw\casting_data\casting_data\train\ok_front\cast_ok_0_8672.jpeg,0,train,2450,train
data\raw\casting_data\casting_data\train\ok_front\cast_ok_0_8673.jpeg,0,train,2886,train
data\raw\casting_data\casting_data\train\ok_front\cast_ok_0_8674.jpeg,0,train,2452,test
data\raw\casting_data\casting_data\train\ok_front\cast_ok_0_8677.jpeg,0,train,2453,train
data\raw\casting_data\casting_data\train\ok_front\cast_ok_0_8680.jpeg,0,train,2454,train
data\raw\casting_data\casting_data\train\ok_front\cast_ok_0_8682.jpeg,0,train,2455,train
data\raw\casting_data\casting_data\train\ok_front\cast_ok_0_8687.jpeg,0,train,2456,train
data\raw\casting_data\casting_data\train\ok_front\cast_ok_0_869.jpeg,0,train,3103,test
data\raw\casting_data\casting_data\train\ok_front\cast_ok_0_8690.jpeg,0,train,2458,train
data\raw\casting_data\casting_data\train\ok_front\cast_ok_0_8691.jpeg,0,train,2459,train
data\raw\casting_data\casting_data\train\ok_front\cast_ok_0_8693.jpeg,0,train,2460,train
data\raw\casting_data\casting_data\train\ok_front\cast_ok_0_8695.jpeg,0,train,2461,train
data\raw\casting_data\casting_data\train\ok_front\cast_ok_0_8712.jpeg,0,train,2462,train
data\raw\casting_data\casting_data\train\ok_front\cast_ok_0_8714.jpeg,0,train,2463,train
data\raw\casting_data\casting_data\train\ok_front\cast_ok_0_8715.jpeg,0,train,2464,train
data\raw\casting_data\casting_data\train\ok_front\cast_ok_0_8722.jpeg,0,train,2465,train
data\raw\casting_data\casting_data\train\ok_front\cast_ok_0_8723.jpeg,0,train,3091,test
data\raw\casting_data\casting_data\train\ok_front\cast_ok_0_8724.jpeg,0,train,2820,train
data\raw\casting_data\casting_data\train\ok_front\cast_ok_0_8725.jpeg,0,train,2844,train
data\raw\casting_data\casting_data\train\ok_front\cast_ok_0_8726.jpeg,0,train,2469,train
data\raw\casting_data\casting_data\train\ok_front\cast_ok_0_8728.jpeg,0,train,2470,train
data\raw\casting_data\casting_data\train\ok_front\cast_ok_0_8733.jpeg,0,train,1695,val
data\raw\casting_data\casting_data\train\ok_front\cast_ok_0_8735.jpeg,0,train,2472,train
data\raw\casting_data\casting_data\train\ok_front\cast_ok_0_8740.jpeg,0,train,2473,test
data\raw\casting_data\casting_data\train\ok_front\cast_ok_0_8741.jpeg,0,train,2474,test
data\raw\casting_data\casting_data\train\ok_front\cast_ok_0_8743.jpeg,0,train,2475,train
data\raw\casting_data\casting_data\train\ok_front\cast_ok_0_8744.jpeg,0,train,2476,train
data\raw\casting_data\casting_data\train\ok_front\cast_ok_0_8747.jpeg,0,train,3053,train
data\raw\casting_data\casting_data\train\ok_front\cast_ok_0_8751.jpeg,0,train,2478,train
data\raw\casting_data\casting_data\train\ok_front\cast_ok_0_8757.jpeg,0,train,3061,train
data\raw\casting_data\casting_data\train\ok_front\cast_ok_0_8759.jpeg,0,train,2480,train
data\raw\casting_data\casting_data\train\ok_front\cast_ok_0_8761.jpeg,0,train,2505,val
data\raw\casting_data\casting_data\train\ok_front\cast_ok_0_8764.jpeg,0,train,3120,train
data\raw\casting_data\casting_data\train\ok_front\cast_ok_0_8770.jpeg,0,train,2483,train
data\raw\casting_data\casting_data\train\ok_front\cast_ok_0_8782.jpeg,0,train,2484,train
data\raw\casting_data\casting_data\train\ok_front\cast_ok_0_8788.jpeg,0,train,2485,train
data\raw\casting_data\casting_data\train\ok_front\cast_ok_0_8791.jpeg,0,train,2574,val
data\raw\casting_data\casting_data\train\ok_front\cast_ok_0_8796.jpeg,0,train,2487,test
data\raw\casting_data\casting_data\train\ok_front\cast_ok_0_88.jpeg,0,train,2488,train
data\raw\casting_data\casting_data\train\ok_front\cast_ok_0_880.jpeg,0,train,3104,train
data\raw\casting_data\casting_data\train\ok_front\cast_ok_0_8800.jpeg,0,train,2490,train
data\raw\casting_data\casting_data\train\ok_front\cast_ok_0_8801.jpeg,0,train,2491,val
data\raw\casting_data\casting_data\train\ok_front\cast_ok_0_8808.jpeg,0,train,2492,train
data\raw\casting_data\casting_data\train\ok_front\cast_ok_0_8810.jpeg,0,train,3013,train
data\raw\casting_data\casting_data\train\ok_front\cast_ok_0_8811.jpeg,0,train,2705,train
data\raw\casting_data\casting_data\train\ok_front\cast_ok_0_8815.jpeg,0,train,2495,val
data\raw\casting_data\casting_data\train\ok_front\cast_ok_0_8821.jpeg,0,train,2496,train
data\raw\casting_data\casting_data\train\ok_front\cast_ok_0_8823.jpeg,0,train,2497,train
data\raw\casting_data\casting_data\train\ok_front\cast_ok_0_8828.jpeg,0,train,2498,train
data\raw\casting_data\casting_data\train\ok_front\cast_ok_0_8829.jpeg,0,train,2700,train
data\raw\casting_data\casting_data\train\ok_front\cast_ok_0_8831.jpeg,0,train,2500,test
data\raw\casting_data\casting_data\train\ok_front\cast_ok_0_8834.jpeg,0,train,2501,train
data\raw\casting_data\casting_data\train\ok_front\cast_ok_0_8835.jpeg,0,train,2912,train
data\raw\casting_data\casting_data\train\ok_front\cast_ok_0_8836.jpeg,0,train,2503,test
data\raw\casting_data\casting_data\train\ok_front\cast_ok_0_8837.jpeg,0,train,2504,train
data\raw\casting_data\casting_data\train\ok_front\cast_ok_0_8848.jpeg,0,train,2505,val
data\raw\casting_data\casting_data\train\ok_front\cast_ok_0_8855.jpeg,0,train,2506,val
data\raw\casting_data\casting_data\train\ok_front\cast_ok_0_8857.jpeg,0,train,2507,train
data\raw\casting_data\casting_data\train\ok_front\cast_ok_0_8860.jpeg,0,train,2508,train
data\raw\casting_data\casting_data\train\ok_front\cast_ok_0_8861.jpeg,0,train,2509,train
data\raw\casting_data\casting_data\train\ok_front\cast_ok_0_8862.jpeg,0,train,2510,train
data\raw\casting_data\casting_data\train\ok_front\cast_ok_0_8863.jpeg,0,train,2947,test
data\raw\casting_data\casting_data\train\ok_front\cast_ok_0_8865.jpeg,0,train,3103,test
data\raw\casting_data\casting_data\train\ok_front\cast_ok_0_8873.jpeg,0,train,2513,val
data\raw\casting_data\casting_data\train\ok_front\cast_ok_0_8877.jpeg,0,train,2514,train
data\raw\casting_data\casting_data\train\ok_front\cast_ok_0_8883.jpeg,0,train,2515,val
data\raw\casting_data\casting_data\train\ok_front\cast_ok_0_8885.jpeg,0,train,2516,train
data\raw\casting_data\casting_data\train\ok_front\cast_ok_0_8887.jpeg,0,train,2765,train
data\raw\casting_data\casting_data\train\ok_front\cast_ok_0_8888.jpeg,0,train,2518,train
data\raw\casting_data\casting_data\train\ok_front\cast_ok_0_8890.jpeg,0,train,2519,train
data\raw\casting_data\casting_data\train\ok_front\cast_ok_0_8891.jpeg,0,train,1286,train
data\raw\casting_data\casting_data\train\ok_front\cast_ok_0_8896.jpeg,0,train,2521,val
data\raw\casting_data\casting_data\train\ok_front\cast_ok_0_8898.jpeg,0,train,2522,train
data\raw\casting_data\casting_data\train\ok_front\cast_ok_0_8904.jpeg,0,train,2523,train
data\raw\casting_data\casting_data\train\ok_front\cast_ok_0_8914.jpeg,0,train,2524,test
data\raw\casting_data\casting_data\train\ok_front\cast_ok_0_8917.jpeg,0,train,2525,train
data\raw\casting_data\casting_data\train\ok_front\cast_ok_0_8918.jpeg,0,train,2526,train
data\raw\casting_data\casting_data\train\ok_front\cast_ok_0_8919.jpeg,0,train,2527,train
data\raw\casting_data\casting_data\train\ok_front\cast_ok_0_8920.jpeg,0,train,2528,train
data\raw\casting_data\casting_data\train\ok_front\cast_ok_0_8924.jpeg,0,train,2529,train
data\raw\casting_data\casting_data\train\ok_front\cast_ok_0_8930.jpeg,0,train,2530,train
data\raw\casting_data\casting_data\train\ok_front\cast_ok_0_8931.jpeg,0,train,2531,train
data\raw\casting_data\casting_data\train\ok_front\cast_ok_0_8934.jpeg,0,train,2532,test
data\raw\casting_data\casting_data\train\ok_front\cast_ok_0_8935.jpeg,0,train,2533,train
data\raw\casting_data\casting_data\train\ok_front\cast_ok_0_8939.jpeg,0,train,2534,train
data\raw\casting_data\casting_data\train\ok_front\cast_ok_0_8943.jpeg,0,train,3063,train
data\raw\casting_data\casting_data\train\ok_front\cast_ok_0_8944.jpeg,0,train,2536,test
data\raw\casting_data\casting_data\train\ok_front\cast_ok_0_8950.jpeg,0,train,2537,train
data\raw\casting_data\casting_data\train\ok_front\cast_ok_0_8954.jpeg,0,train,2538,train
data\raw\casting_data\casting_data\train\ok_front\cast_ok_0_8958.jpeg,0,train,2539,train
data\raw\casting_data\casting_data\train\ok_front\cast_ok_0_8960.jpeg,0,train,2540,train
data\raw\casting_data\casting_data\train\ok_front\cast_ok_0_8963.jpeg,0,train,2541,train
data\raw\casting_data\casting_data\train\ok_front\cast_ok_0_8964.jpeg,0,train,2542,train
data\raw\casting_data\casting_data\train\ok_front\cast_ok_0_8966.jpeg,0,train,2933,train
data\raw\casting_data\casting_data\train\ok_front\cast_ok_0_8967.jpeg,0,train,2544,train
data\raw\casting_data\casting_data\train\ok_front\cast_ok_0_897.jpeg,0,train,3105,train
data\raw\casting_data\casting_data\train\ok_front\cast_ok_0_8972.jpeg,0,train,2546,test
data\raw\casting_data\casting_data\train\ok_front\cast_ok_0_8975.jpeg,0,train,2547,test
data\raw\casting_data\casting_data\train\ok_front\cast_ok_0_8978.jpeg,0,train,2548,val
data\raw\casting_data\casting_data\train\ok_front\cast_ok_0_8982.jpeg,0,train,2549,train
data\raw\casting_data\casting_data\train\ok_front\cast_ok_0_8987.jpeg,0,train,2550,val
data\raw\casting_data\casting_data\train\ok_front\cast_ok_0_8989.jpeg,0,train,2551,val
data\raw\casting_data\casting_data\train\ok_front\cast_ok_0_8995.jpeg,0,train,2552,train
data\raw\casting_data\casting_data\train\ok_front\cast_ok_0_9.jpeg,0,train,2553,train
data\raw\casting_data\casting_data\train\ok_front\cast_ok_0_9001.jpeg,0,train,3113,train
data\raw\casting_data\casting_data\train\ok_front\cast_ok_0_9013.jpeg,0,train,2942,train
data\raw\casting_data\casting_data\train\ok_front\cast_ok_0_9014.jpeg,0,train,2556,train
data\raw\casting_data\casting_data\train\ok_front\cast_ok_0_9015.jpeg,0,train,2748,train
data\raw\casting_data\casting_data\train\ok_front\cast_ok_0_9018.jpeg,0,train,1862,train
data\raw\casting_data\casting_data\train\ok_front\cast_ok_0_9019.jpeg,0,train,2559,train
data\raw\casting_data\casting_data\train\ok_front\cast_ok_0_9027.jpeg,0,train,2560,train
data\raw\casting_data\casting_data\train\ok_front\cast_ok_0_9028.jpeg,0,train,2561,val
data\raw\casting_data\casting_data\train\ok_front\cast_ok_0_903.jpeg,0,train,3106,train
data\raw\casting_data\casting_data\train\ok_front\cast_ok_0_9035.jpeg,0,train,2563,train
data\raw\casting_data\casting_data\train\ok_front\cast_ok_0_9038.jpeg,0,train,2564,val
data\raw\casting_data\casting_data\train\ok_front\cast_ok_0_904.jpeg,0,train,3107,train
data\raw\casting_data\casting_data\train\ok_front\cast_ok_0_9040.jpeg,0,train,2566,val
data\raw\casting_data\casting_data\train\ok_front\cast_ok_0_9041.jpeg,0,train,2567,train
data\raw\casting_data\casting_data\train\ok_front\cast_ok_0_9042.jpeg,0,train,2820,train
data\raw\casting_data\casting_data\train\ok_front\cast_ok_0_9044.jpeg,0,train,2612,train
data\raw\casting_data\casting_data\train\ok_front\cast_ok_0_9049.jpeg,0,train,2570,train
data\raw\casting_data\casting_data\train\ok_front\cast_ok_0_9050.jpeg,0,train,2571,train
data\raw\casting_data\casting_data\train\ok_front\cast_ok_0_9051.jpeg,0,train,3004,train
data\raw\casting_data\casting_data\train\ok_front\cast_ok_0_9053.jpeg,0,train,2573,test
data\raw\casting_data\casting_data\train\ok_front\cast_ok_0_9054.jpeg,0,train,2574,val
data\raw\casting_data\casting_data\train\ok_front\cast_ok_0_9055.jpeg,0,train,3126,train
data\raw\casting_data\casting_data\train\ok_front\cast_ok_0_9056.jpeg,0,train,2576,train
data\raw\casting_data\casting_data\train\ok_front\cast_ok_0_9064.jpeg,0,train,2577,train
data\raw\casting_data\casting_data\train\ok_front\cast_ok_0_9066.jpeg,0,train,2578,train
data\raw\casting_data\casting_data\train\ok_front\cast_ok_0_907.jpeg,0,train,3108,train
data\raw\casting_data\casting_data\train\ok_front\cast_ok_0_9070.jpeg,0,train,2580,test
data\raw\casting_data\casting_data\train\ok_front\cast_ok_0_9075.jpeg,0,train,2581,test
data\raw\casting_data\casting_data\train\ok_front\cast_ok_0_9078.jpeg,0,train,2582,train
data\raw\casting_data\casting_data\train\ok_front\cast_ok_0_9081.jpeg,0,train,2583,train
data\raw\casting_data\casting_data\train\ok_front\cast_ok_0_9085.jpeg,0,train,2584,train
data\raw\casting_data\casting_data\train\ok_front\cast_ok_0_9086.jpeg,0,train,2585,train
data\raw\casting_data\casting_data\train\ok_front\cast_ok_0_9087.jpeg,0,train,2586,train
data\raw\casting_data\casting_data\train\ok_front\cast_ok_0_9088.jpeg,0,train,1286,train
data\raw\casting_data\casting_data\train\ok_front\cast_ok_0_9089.jpeg,0,train,3062,train
data\raw\casting_data\casting_data\train\ok_front\cast_ok_0_909.jpeg,0,train,3082,train
data\raw\casting_data\casting_data\train\ok_front\cast_ok_0_9098.jpeg,0,train,2590,train
data\raw\casting_data\casting_data\train\ok_front\cast_ok_0_91.jpeg,0,train,2591,val
data\raw\casting_data\casting_data\train\ok_front\cast_ok_0_9104.jpeg,0,train,2592,train
data\raw\casting_data\casting_data\train\ok_front\cast_ok_0_9110.jpeg,0,train,3013,train
data\raw\casting_data\casting_data\train\ok_front\cast_ok_0_9112.jpeg,0,train,2594,train
data\raw\casting_data\casting_data\train\ok_front\cast_ok_0_9118.jpeg,0,train,3013,train
data\raw\casting_data\casting_data\train\ok_front\cast_ok_0_9120.jpeg,0,train,2596,train
data\raw\casting_data\casting_data\train\ok_front\cast_ok_0_9123.jpeg,0,train,2597,train
data\raw\casting_data\casting_data\train\ok_front\cast_ok_0_9127.jpeg,0,train,2598,train
data\raw\casting_data\casting_data\train\ok_front\cast_ok_0_9129.jpeg,0,train,2599,train
data\raw\casting_data\casting_data\train\ok_front\cast_ok_0_913.jpeg,0,train,2600,train
data\raw\casting_data\casting_data\train\ok_front\cast_ok_0_9133.jpeg,0,train,2601,test
data\raw\casting_data\casting_data\train\ok_front\cast_ok_0_9140.jpeg,0,train,2682,train
data\raw\casting_data\casting_data\train\ok_front\cast_ok_0_9144.jpeg,0,train,2603,train
data\raw\casting_data\casting_data\train\ok_front\cast_ok_0_9146.jpeg,0,train,2604,train
data\raw\casting_data\casting_data\train\ok_front\cast_ok_0_9149.jpeg,0,train,2605,train
data\raw\casting_data\casting_data\train\ok_front\cast_ok_0_9155.jpeg,0,train,2606,val
data\raw\casting_data\casting_data\train\ok_front\cast_ok_0_9158.jpeg,0,train,2986,test
data\raw\casting_data\casting_data\train\ok_front\cast_ok_0_9161.jpeg,0,train,3013,train
data\raw\casting_data\casting_data\train\ok_front\cast_ok_0_9165.jpeg,0,train,2609,train
data\raw\casting_data\casting_data\train\ok_front\cast_ok_0_9169.jpeg,0,train,3126,train
data\raw\casting_data\casting_data\train\ok_front\cast_ok_0_9172.jpeg,0,train,2746,train
data\raw\casting_data\casting_data\train\ok_front\cast_ok_0_9174.jpeg,0,train,2612,train
data\raw\casting_data\casting_data\train\ok_front\cast_ok_0_9175.jpeg,0,train,3062,train
data\raw\casting_data\casting_data\train\ok_front\cast_ok_0_9179.jpeg,0,train,2614,test
data\raw\casting_data\casting_data\train\ok_front\cast_ok_0_918.jpeg,0,train,2615,val
data\raw\casting_data\casting_data\train\ok_front\cast_ok_0_9180.jpeg,0,train,2616,test
data\raw\casting_data\casting_data\train\ok_front\cast_ok_0_9181.jpeg,0,train,2574,val
data\raw\casting_data\casting_data\train\ok_front\cast_ok_0_9183.jpeg,0,train,2618,train
data\raw\casting_data\casting_data\train\ok_front\cast_ok_0_9190.jpeg,0,train,3034,val
data\raw\casting_data\casting_data\train\ok_front\cast_ok_0_9195.jpeg,0,train,2620,train
data\raw\casting_data\casting_data\train\ok_front\cast_ok_0_9199.jpeg,0,train,2621,train
data\raw\casting_data\casting_data\train\ok_front\cast_ok_0_9204.jpeg,0,train,3038,train
data\raw\casting_data\casting_data\train\ok_front\cast_ok_0_9205.jpeg,0,train,2623,train
data\raw\casting_data\casting_data\train\ok_front\cast_ok_0_9209.jpeg,0,train,2624,test
data\raw\casting_data\casting_data\train\ok_front\cast_ok_0_9211.jpeg,0,train,3101,val
data\raw\casting_data\casting_data\train\ok_front\cast_ok_0_9217.jpeg,0,train,2626,train
data\raw\casting_data\casting_data\train\ok_front\cast_ok_0_9219.jpeg,0,train,2787,test
data\raw\casting_data\casting_data\train\ok_front\cast_ok_0_9221.jpeg,0,train,2970,train
data\raw\casting_data\casting_data\train\ok_front\cast_ok_0_9225.jpeg,0,train,2629,train
data\raw\casting_data\casting_data\train\ok_front\cast_ok_0_9226.jpeg,0,train,2630,train
data\raw\casting_data\casting_data\train\ok_front\cast_ok_0_9228.jpeg,0,train,2327,train
data\raw\casting_data\casting_data\train\ok_front\cast_ok_0_9229.jpeg,0,train,2632,train
data\raw\casting_data\casting_data\train\ok_front\cast_ok_0_924.jpeg,0,train,2633,train
data\raw\casting_data\casting_data\train\ok_front\cast_ok_0_9243.jpeg,0,train,2634,train
data\raw\casting_data\casting_data\train\ok_front\cast_ok_0_9248.jpeg,0,train,2635,val
data\raw\casting_data\casting_data\train\ok_front\cast_ok_0_9249.jpeg,0,train,2636,train
data\raw\casting_data\casting_data\train\ok_front\cast_ok_0_925.jpeg,0,train,3109,train
data\raw\casting_data\casting_data\train\ok_front\cast_ok_0_9250.jpeg,0,train,2638,train
data\raw\casting_data\casting_data\train\ok_front\cast_ok_0_9253.jpeg,0,train,2865,train
data\raw\casting_data\casting_data\train\ok_front\cast_ok_0_9256.jpeg,0,train,2640,train
data\raw\casting_data\casting_data\train\ok_front\cast_ok_0_9265.jpeg,0,train,2641,train
data\raw\casting_data\casting_data\train\ok_front\cast_ok_0_9268.jpeg,0,train,2746,train
data\raw\casting_data\casting_data\train\ok_front\cast_ok_0_927.jpeg,0,train,3130,train
data\raw\casting_data\casting_data\train\ok_front\cast_ok_0_9272.jpeg,0,train,2644,test
data\raw\casting_data\casting_data\train\ok_front\cast_ok_0_9274.jpeg,0,train,2645,test
data\raw\casting_data\casting_data\train\ok_front\cast_ok_0_9280.jpeg,0,train,2646,val
data\raw\casting_data\casting_data\train\ok_front\cast_ok_0_9283.jpeg,0,train,2647,train
data\raw\casting_data\casting_data\train\ok_front\cast_ok_0_9287.jpeg,0,train,2957,test
data\raw\casting_data\casting_data\train\ok_front\cast_ok_0_9289.jpeg,0,train,3046,train
data\raw\casting_data\casting_data\train\ok_front\cast_ok_0_9296.jpeg,0,train,2650,train
data\raw\casting_data\casting_data\train\ok_front\cast_ok_0_9298.jpeg,0,train,2651,train
data\raw\casting_data\casting_data\train\ok_front\cast_ok_0_9300.jpeg,0,train,2652,train
data\raw\casting_data\casting_data\train\ok_front\cast_ok_0_9302.jpeg,0,train,2653,val
data\raw\casting_data\casting_data\train\ok_front\cast_ok_0_9303.jpeg,0,train,2654,train
data\raw\casting_data\casting_data\train\ok_front\cast_ok_0_9304.jpeg,0,train,2655,train
data\raw\casting_data\casting_data\train\ok_front\cast_ok_0_9315.jpeg,0,train,2656,train
data\raw\casting_data\casting_data\train\ok_front\cast_ok_0_9317.jpeg,0,train,2657,train
data\raw\casting_data\casting_data\train\ok_front\cast_ok_0_932.jpeg,0,train,2505,val
data\raw\casting_data\casting_data\train\ok_front\cast_ok_0_9320.jpeg,0,train,2885,train
data\raw\casting_data\casting_data\train\ok_front\cast_ok_0_9322.jpeg,0,train,2660,train
data\raw\casting_data\casting_data\train\ok_front\cast_ok_0_9323.jpeg,0,train,3100,train
data\raw\casting_data\casting_data\train\ok_front\cast_ok_0_9324.jpeg,0,train,2662,train
data\raw\casting_data\casting_data\train\ok_front\cast_ok_0_9325.jpeg,0,train,2663,train
data\raw\casting_data\casting_data\train\ok_front\cast_ok_0_9326.jpeg,0,train,2664,train
data\raw\casting_data\casting_data\train\ok_front\cast_ok_0_9328.jpeg,0,train,2665,train
data\raw\casting_data\casting_data\train\ok_front\cast_ok_0_9332.jpeg,0,train,2666,train
data\raw\casting_data\casting_data\train\ok_front\cast_ok_0_9335.jpeg,0,train,2667,train
data\raw\casting_data\casting_data\train\ok_front\cast_ok_0_9338.jpeg,0,train,2668,train
data\raw\casting_data\casting_data\train\ok_front\cast_ok_0_9340.jpeg,0,train,2669,train
data\raw\casting_data\casting_data\train\ok_front\cast_ok_0_9343.jpeg,0,train,2670,train
data\raw\casting_data\casting_data\train\ok_front\cast_ok_0_9345.jpeg,0,train,2671,train
data\raw\casting_data\casting_data\train\ok_front\cast_ok_0_935.jpeg,0,train,2505,val
data\raw\casting_data\casting_data\train\ok_front\cast_ok_0_9350.jpeg,0,train,2673,train
data\raw\casting_data\casting_data\train\ok_front\cast_ok_0_9358.jpeg,0,train,2849,val
data\raw\casting_data\casting_data\train\ok_front\cast_ok_0_9360.jpeg,0,train,2675,train
data\raw\casting_data\casting_data\train\ok_front\cast_ok_0_9363.jpeg,0,train,2676,train
data\raw\casting_data\casting_data\train\ok_front\cast_ok_0_937.jpeg,0,train,3113,train
data\raw\casting_data\casting_data\train\ok_front\cast_ok_0_9377.jpeg,0,train,3090,train
data\raw\casting_data\casting_data\train\ok_front\cast_ok_0_9379.jpeg,0,train,3088,train
data\raw\casting_data\casting_data\train\ok_front\cast_ok_0_9380.jpeg,0,train,2680,train
data\raw\casting_data\casting_data\train\ok_front\cast_ok_0_9381.jpeg,0,train,3088,train
data\raw\casting_data\casting_data\train\ok_front\cast_ok_0_9384.jpeg,0,train,2682,train
data\raw\casting_data\casting_data\train\ok_front\cast_ok_0_9386.jpeg,0,train,2683,train
data\raw\casting_data\casting_data\train\ok_front\cast_ok_0_9387.jpeg,0,train,2684,train
data\raw\casting_data\casting_data\train\ok_front\cast_ok_0_9392.jpeg,0,train,2685,train
data\raw\casting_data\casting_data\train\ok_front\cast_ok_0_9393.jpeg,0,train,2686,train
data\raw\casting_data\casting_data\train\ok_front\cast_ok_0_9403.jpeg,0,train,2687,val
data\raw\casting_data\casting_data\train\ok_front\cast_ok_0_9411.jpeg,0,train,2688,test
data\raw\casting_data\casting_data\train\ok_front\cast_ok_0_9412.jpeg,0,train,2957,test
data\raw\casting_data\casting_data\train\ok_front\cast_ok_0_9414.jpeg,0,train,2690,train
data\raw\casting_data\casting_data\train\ok_front\cast_ok_0_9419.jpeg,0,train,2691,test
data\raw\casting_data\casting_data\train\ok_front\cast_ok_0_942.jpeg,0,train,2682,train
data\raw\casting_data\casting_data\train\ok_front\cast_ok_0_9420.jpeg,0,train,2693,test
data\raw\casting_data\casting_data\train\ok_front\cast_ok_0_9421.jpeg,0,train,2694,train
data\raw\casting_data\casting_data\train\ok_front\cast_ok_0_9422.jpeg,0,train,2869,train
data\raw\casting_data\casting_data\train\ok_front\cast_ok_0_9423.jpeg,0,train,2696,train
data\raw\casting_data\casting_data\train\ok_front\cast_ok_0_9426.jpeg,0,train,2697,test
data\raw\casting_data\casting_data\train\ok_front\cast_ok_0_9428.jpeg,0,train,2698,train
data\raw\casting_data\casting_data\train\ok_front\cast_ok_0_9431.jpeg,0,train,2699,train
data\raw\casting_data\casting_data\train\ok_front\cast_ok_0_9434.jpeg,0,train,2700,train
data\raw\casting_data\casting_data\train\ok_front\cast_ok_0_9435.jpeg,0,train,2701,train
data\raw\casting_data\casting_data\train\ok_front\cast_ok_0_9436.jpeg,0,train,2702,val
data\raw\casting_data\casting_data\train\ok_front\cast_ok_0_9437.jpeg,0,train,2703,train
data\raw\casting_data\casting_data\train\ok_front\cast_ok_0_9438.jpeg,0,train,2704,val
data\raw\casting_data\casting_data\train\ok_front\cast_ok_0_9440.jpeg,0,train,2705,train
data\raw\casting_data\casting_data\train\ok_front\cast_ok_0_9443.jpeg,0,train,2706,train
data\raw\casting_data\casting_data\train\ok_front\cast_ok_0_9446.jpeg,0,train,2707,val
data\raw\casting_data\casting_data\train\ok_front\cast_ok_0_9447.jpeg,0,train,2708,train
data\raw\casting_data\casting_data\train\ok_front\cast_ok_0_9452.jpeg,0,train,2709,train
data\raw\casting_data\casting_data\train\ok_front\cast_ok_0_9457.jpeg,0,train,2710,train
data\raw\casting_data\casting_data\train\ok_front\cast_ok_0_9459.jpeg,0,train,2711,train
data\raw\casting_data\casting_data\train\ok_front\cast_ok_0_9466.jpeg,0,train,2712,test
data\raw\casting_data\casting_data\train\ok_front\cast_ok_0_9469.jpeg,0,train,2359,train
data\raw\casting_data\casting_data\train\ok_front\cast_ok_0_9470.jpeg,0,train,2714,train
data\raw\casting_data\casting_data\train\ok_front\cast_ok_0_9472.jpeg,0,train,2715,train
data\raw\casting_data\casting_data\train\ok_front\cast_ok_0_9483.jpeg,0,train,3095,train
data\raw\casting_data\casting_data\train\ok_front\cast_ok_0_9484.jpeg,0,train,2717,train
data\raw\casting_data\casting_data\train\ok_front\cast_ok_0_9486.jpeg,0,train,2718,train
data\raw\casting_data\casting_data\train\ok_front\cast_ok_0_9488.jpeg,0,train,3113,train
data\raw\casting_data\casting_data\train\ok_front\cast_ok_0_9490.jpeg,0,train,2720,train
data\raw\casting_data\casting_data\train\ok_front\cast_ok_0_9491.jpeg,0,train,2778,train
data\raw\casting_data\casting_data\train\ok_front\cast_ok_0_9496.jpeg,0,train,2722,train
data\raw\casting_data\casting_data\train\ok_front\cast_ok_0_9499.jpeg,0,train,2723,train
data\raw\casting_data\casting_data\train\ok_front\cast_ok_0_9502.jpeg,0,train,2724,test
data\raw\casting_data\casting_data\train\ok_front\cast_ok_0_9503.jpeg,0,train,2391,train
data\raw\casting_data\casting_data\train\ok_front\cast_ok_0_9504.jpeg,0,train,2726,train
data\raw\casting_data\casting_data\train\ok_front\cast_ok_0_9508.jpeg,0,train,2727,train
data\raw\casting_data\casting_data\train\ok_front\cast_ok_0_952.jpeg,0,train,3115,train
data\raw\casting_data\casting_data\train\ok_front\cast_ok_0_9520.jpeg,0,train,3082,train
data\raw\casting_data\casting_data\train\ok_front\cast_ok_0_9521.jpeg,0,train,2730,train
data\raw\casting_data\casting_data\train\ok_front\cast_ok_0_9524.jpeg,0,train,3045,train
data\raw\casting_data\casting_data\train\ok_front\cast_ok_0_9527.jpeg,0,train,2764,train
data\raw\casting_data\casting_data\train\ok_front\cast_ok_0_9530.jpeg,0,train,2733,val
data\raw\casting_data\casting_data\train\ok_front\cast_ok_0_9531.jpeg,0,train,3051,train
data\raw\casting_data\casting_data\train\ok_front\cast_ok_0_9532.jpeg,0,train,2735,test
data\raw\casting_data\casting_data\train\ok_front\cast_ok_0_9534.jpeg,0,train,2942,train
data\raw\casting_data\casting_data\train\ok_front\cast_ok_0_9536.jpeg,0,train,2737,train
data\raw\casting_data\casting_data\train\ok_front\cast_ok_0_9537.jpeg,0,train,2738,train
data\raw\casting_data\casting_data\train\ok_front\cast_ok_0_9543.jpeg,0,train,2739,train
data\raw\casting_data\casting_data\train\ok_front\cast_ok_0_9548.jpeg,0,train,2740,train
data\raw\casting_data\casting_data\train\ok_front\cast_ok_0_9552.jpeg,0,train,2836,train
data\raw\casting_data\casting_data\train\ok_front\cast_ok_0_9558.jpeg,0,train,2957,test
data\raw\casting_data\casting_data\train\ok_front\cast_ok_0_9562.jpeg,0,train,2743,train
data\raw\casting_data\casting_data\train\ok_front\cast_ok_0_9565.jpeg,0,train,2744,train
data\raw\casting_data\casting_data\train\ok_front\cast_ok_0_9568.jpeg,0,train,1165,train
data\raw\casting_data\casting_data\train\ok_front\cast_ok_0_9575.jpeg,0,train,2746,train
data\raw\casting_data\casting_data\train\ok_front\cast_ok_0_9591.jpeg,0,train,2747,val
data\raw\casting_data\casting_data\train\ok_front\cast_ok_0_9594.jpeg,0,train,2748,train
data\raw\casting_data\casting_data\train\ok_front\cast_ok_0_9597.jpeg,0,train,2749,train
data\raw\casting_data\casting_data\train\ok_front\cast_ok_0_9598.jpeg,0,train,2750,train
data\raw\casting_data\casting_data\train\ok_front\cast_ok_0_960.jpeg,0,train,3116,train
data\raw\casting_data\casting_data\train\ok_front\cast_ok_0_9600.jpeg,0,train,890,val
data\raw\casting_data\casting_data\train\ok_front\cast_ok_0_9610.jpeg,0,train,2753,test
data\raw\casting_data\casting_data\train\ok_front\cast_ok_0_9619.jpeg,0,train,2746,train
data\raw\casting_data\casting_data\train\ok_front\cast_ok_0_9623.jpeg,0,train,2435,test
data\raw\casting_data\casting_data\train\ok_front\cast_ok_0_9624.jpeg,0,train,3062,train
data\raw\casting_data\casting_data\train\ok_front\cast_ok_0_9625.jpeg,0,train,2757,val
data\raw\casting_data\casting_data\train\ok_front\cast_ok_0_9626.jpeg,0,train,2523,train
data\raw\casting_data\casting_data\train\ok_front\cast_ok_0_963.jpeg,0,train,2759,val
data\raw\casting_data\casting_data\train\ok_front\cast_ok_0_9631.jpeg,0,train,2760,train
data\raw\casting_data\casting_data\train\ok_front\cast_ok_0_9632.jpeg,0,train,2761,train
data\raw\casting_data\casting_data\train\ok_front\cast_ok_0_9633.jpeg,0,train,2762,train
data\raw\casting_data\casting_data\train\ok_front\cast_ok_0_9636.jpeg,0,train,3046,train
data\raw\casting_data\casting_data\train\ok_front\cast_ok_0_9639.jpeg,0,train,2764,train
data\raw\casting_data\casting_data\train\ok_front\cast_ok_0_9643.jpeg,0,train,2765,train
data\raw\casting_data\casting_data\train\ok_front\cast_ok_0_9654.jpeg,0,train,2766,test
data\raw\casting_data\casting_data\train\ok_front\cast_ok_0_9655.jpeg,0,train,2793,val
data\raw\casting_data\casting_data\train\ok_front\cast_ok_0_9657.jpeg,0,train,2768,train
data\raw\casting_data\casting_data\train\ok_front\cast_ok_0_9662.jpeg,0,train,2769,test
data\raw\casting_data\casting_data\train\ok_front\cast_ok_0_9663.jpeg,0,train,2905,train
data\raw\casting_data\casting_data\train\ok_front\cast_ok_0_9664.jpeg,0,train,2771,val
data\raw\casting_data\casting_data\train\ok_front\cast_ok_0_967.jpeg,0,train,2772,train
data\raw\casting_data\casting_data\train\ok_front\cast_ok_0_9670.jpeg,0,train,2988,train
data\raw\casting_data\casting_data\train\ok_front\cast_ok_0_9671.jpeg,0,train,2774,train
data\raw\casting_data\casting_data\train\ok_front\cast_ok_0_9672.jpeg,0,train,2775,val
data\raw\casting_data\casting_data\train\ok_front\cast_ok_0_9679.jpeg,0,train,2776,train
data\raw\casting_data\casting_data\train\ok_front\cast_ok_0_9680.jpeg,0,train,2777,train
data\raw\casting_data\casting_data\train\ok_front\cast_ok_0_9683.jpeg,0,train,2778,train
data\raw\casting_data\casting_data\train\ok_front\cast_ok_0_9684.jpeg,0,train,2779,train
data\raw\casting_data\casting_data\train\ok_front\cast_ok_0_9685.jpeg,0,train,2780,train
data\raw\casting_data\casting_data\train\ok_front\cast_ok_0_969.jpeg,0,train,2781,val
data\raw\casting_data\casting_data\train\ok_front\cast_ok_0_9692.jpeg,0,train,2782,train
data\raw\casting_data\casting_data\train\ok_front\cast_ok_0_9695.jpeg,0,train,2783,train
data\raw\casting_data\casting_data\train\ok_front\cast_ok_0_97.jpeg,0,train,2784,train
data\raw\casting_data\casting_data\train\ok_front\cast_ok_0_970.jpeg,0,train,2785,train
data\raw\casting_data\casting_data\train\ok_front\cast_ok_0_9700.jpeg,0,train,3013,train
data\raw\casting_data\casting_data\train\ok_front\cast_ok_0_9704.jpeg,0,train,2787,test
data\raw\casting_data\casting_data\train\ok_front\cast_ok_0_9705.jpeg,0,train,2788,train
data\raw\casting_data\casting_data\train\ok_front\cast_ok_0_9706.jpeg,0,train,2789,train
data\raw\casting_data\casting_data\train\ok_front\cast_ok_0_9713.jpeg,0,train,2790,train
data\raw\casting_data\casting_data\train\ok_front\cast_ok_0_9714.jpeg,0,train,2791,train
data\raw\casting_data\casting_data\train\ok_front\cast_ok_0_9718.jpeg,0,train,2792,val
data\raw\casting_data\casting_data\train\ok_front\cast_ok_0_9724.jpeg,0,train,2793,val
data\raw\casting_data\casting_data\train\ok_front\cast_ok_0_9725.jpeg,0,train,2794,train
data\raw\casting_data\casting_data\train\ok_front\cast_ok_0_973.jpeg,0,train,3117,train
data\raw\casting_data\casting_data\train\ok_front\cast_ok_0_9733.jpeg,0,train,2796,train
data\raw\casting_data\casting_data\train\ok_front\cast_ok_0_9734.jpeg,0,train,2797,val
data\raw\casting_data\casting_data\train\ok_front\cast_ok_0_9735.jpeg,0,train,3016,train
data\raw\casting_data\casting_data\train\ok_front\cast_ok_0_9736.jpeg,0,train,2799,train
data\raw\casting_data\casting_data\train\ok_front\cast_ok_0_9738.jpeg,0,train,2800,train
data\raw\casting_data\casting_data\train\ok_front\cast_ok_0_9739.jpeg,0,train,2801,train
data\raw\casting_data\casting_data\train\ok_front\cast_ok_0_9740.jpeg,0,train,2802,val
data\raw\casting_data\casting_data\train\ok_front\cast_ok_0_9742.jpeg,0,train,2803,train
data\raw\casting_data\casting_data\train\ok_front\cast_ok_0_9743.jpeg,0,train,2804,train
data\raw\casting_data\casting_data\train\ok_front\cast_ok_0_9748.jpeg,0,train,2805,train
data\raw\casting_data\casting_data\train\ok_front\cast_ok_0_975.jpeg,0,train,3118,train
data\raw\casting_data\casting_data\train\ok_front\cast_ok_0_9750.jpeg,0,train,2807,test
data\raw\casting_data\casting_data\train\ok_front\cast_ok_0_9751.jpeg,0,train,2808,train
data\raw\casting_data\casting_data\train\ok_front\cast_ok_0_976.jpeg,0,train,3119,train
data\raw\casting_data\casting_data\train\ok_front\cast_ok_0_9760.jpeg,0,train,2810,train
data\raw\casting_data\casting_data\train\ok_front\cast_ok_0_9761.jpeg,0,train,2811,val
data\raw\casting_data\casting_data\train\ok_front\cast_ok_0_9764.jpeg,0,train,3103,test
data\raw\casting_data\casting_data\train\ok_front\cast_ok_0_9767.jpeg,0,train,2813,val
data\raw\casting_data\casting_data\train\ok_front\cast_ok_0_9771.jpeg,0,train,2814,val
data\raw\casting_data\casting_data\train\ok_front\cast_ok_0_9772.jpeg,0,train,2815,train
data\raw\casting_data\casting_data\train\ok_front\cast_ok_0_9774.jpeg,0,train,2816,train
data\raw\casting_data\casting_data\train\ok_front\cast_ok_0_9783.jpeg,0,train,2817,train
data\raw\casting_data\casting_data\train\ok_front\cast_ok_0_9797.jpeg,0,train,2818,train
data\raw\casting_data\casting_data\train\ok_front\cast_ok_0_98.jpeg,0,train,2819,test
data\raw\casting_data\casting_data\train\ok_front\cast_ok_0_9805.jpeg,0,train,2820,train
data\raw\casting_data\casting_data\train\ok_front\cast_ok_0_9808.jpeg,0,train,2821,train
data\raw\casting_data\casting_data\train\ok_front\cast_ok_0_9820.jpeg,0,train,2822,test
data\raw\casting_data\casting_data\train\ok_front\cast_ok_0_9821.jpeg,0,train,2823,test
data\raw\casting_data\casting_data\train\ok_front\cast_ok_0_9822.jpeg,0,train,2824,val
data\raw\casting_data\casting_data\train\ok_front\cast_ok_0_9826.jpeg,0,train,2942,train
data\raw\casting_data\casting_data\train\ok_front\cast_ok_0_9829.jpeg,0,train,2826,train
data\raw\casting_data\casting_data\train\ok_front\cast_ok_0_9831.jpeg,0,train,2827,train
data\raw\casting_data\casting_data\train\ok_front\cast_ok_0_9835.jpeg,0,train,3006,train
data\raw\casting_data\casting_data\train\ok_front\cast_ok_0_9836.jpeg,0,train,2829,test
data\raw\casting_data\casting_data\train\ok_front\cast_ok_0_9837.jpeg,0,train,2523,train
data\raw\casting_data\casting_data\train\ok_front\cast_ok_0_9840.jpeg,0,train,2831,train
data\raw\casting_data\casting_data\train\ok_front\cast_ok_0_9843.jpeg,0,train,2832,train
data\raw\casting_data\casting_data\train\ok_front\cast_ok_0_9851.jpeg,0,train,2833,train
data\raw\casting_data\casting_data\train\ok_front\cast_ok_0_9854.jpeg,0,train,2834,train
data\raw\casting_data\casting_data\train\ok_front\cast_ok_0_9856.jpeg,0,train,2835,train
data\raw\casting_data\casting_data\train\ok_front\cast_ok_0_9861.jpeg,0,train,2836,train
data\raw\casting_data\casting_data\train\ok_front\cast_ok_0_9862.jpeg,0,train,2837,train
data\raw\casting_data\casting_data\train\ok_front\cast_ok_0_9871.jpeg,0,train,2838,train
data\raw\casting_data\casting_data\train\ok_front\cast_ok_0_9873.jpeg,0,train,2858,train
data\raw\casting_data\casting_data\train\ok_front\cast_ok_0_9878.jpeg,0,train,3013,train
data\raw\casting_data\casting_data\train\ok_front\cast_ok_0_9881.jpeg,0,train,2841,train
data\raw\casting_data\casting_data\train\ok_front\cast_ok_0_9883.jpeg,0,train,2842,train
data\raw\casting_data\casting_data\train\ok_front\cast_ok_0_9886.jpeg,0,train,2843,test
data\raw\casting_data\casting_data\train\ok_front\cast_ok_0_9889.jpeg,0,train,2844,train
data\raw\casting_data\casting_data\train\ok_front\cast_ok_0_989.jpeg,0,train,3120,train
data\raw\casting_data\casting_data\train\ok_front\cast_ok_0_9891.jpeg,0,train,2846,train
data\raw\casting_data\casting_data\train\ok_front\cast_ok_0_9895.jpeg,0,train,2847,train
data\raw\casting_data\casting_data\train\ok_front\cast_ok_0_9907.jpeg,0,train,3100,train
data\raw\casting_data\casting_data\train\ok_front\cast_ok_0_9909.jpeg,0,train,2849,val
data\raw\casting_data\casting_data\train\ok_front\cast_ok_0_9913.jpeg,0,train,3087,train
data\raw\casting_data\casting_data\train\ok_front\cast_ok_0_9915.jpeg,0,train,2851,train
data\raw\casting_data\casting_data\train\ok_front\cast_ok_0_9918.jpeg,0,train,2852,train
data\raw\casting_data\casting_data\train\ok_front\cast_ok_0_9920.jpeg,0,train,2476,train
data\raw\casting_data\casting_data\train\ok_front\cast_ok_0_9921.jpeg,0,train,1165,train
data\raw\casting_data\casting_data\train\ok_front\cast_ok_0_9924.jpeg,0,train,2855,train
data\raw\casting_data\casting_data\train\ok_front\cast_ok_0_9930.jpeg,0,train,2856,train
data\raw\casting_data\casting_data\train\ok_front\cast_ok_0_9931.jpeg,0,train,2942,train
data\raw\casting_data\casting_data\train\ok_front\cast_ok_0_9934.jpeg,0,train,2858,train
data\raw\casting_data\casting_data\train\ok_front\cast_ok_0_9941.jpeg,0,train,2859,val
data\raw\casting_data\casting_data\train\ok_front\cast_ok_0_9945.jpeg,0,train,2860,test
data\raw\casting_data\casting_data\train\ok_front\cast_ok_0_9946.jpeg,0,train,2861,train
data\raw\casting_data\casting_data\train\ok_front\cast_ok_0_9948.jpeg,0,train,3088,train
data\raw\casting_data\casting_data\train\ok_front\cast_ok_0_9953.jpeg,0,train,2863,train
data\raw\casting_data\casting_data\train\ok_front\cast_ok_0_9957.jpeg,0,train,2864,val
data\raw\casting_data\casting_data\train\ok_front\cast_ok_0_9962.jpeg,0,train,2865,train
data\raw\casting_data\casting_data\train\ok_front\cast_ok_0_9967.jpeg,0,train,2866,train
data\raw\casting_data\casting_data\train\ok_front\cast_ok_0_9969.jpeg,0,train,2867,train
data\raw\casting_data\casting_data\train\ok_front\cast_ok_0_9971.jpeg,0,train,2868,val
data\raw\casting_data\casting_data\train\ok_front\cast_ok_0_9973.jpeg,0,train,2869,train
data\raw\casting_data\casting_data\train\ok_front\cast_ok_0_9978.jpeg,0,train,2870,train
data\raw\casting_data\casting_data\train\ok_front\cast_ok_0_998.jpeg,0,train,3133,train
data\raw\casting_data\casting_data\train\ok_front\cast_ok_0_9994.jpeg,0,train,2872,train
data\raw\casting_data\casting_data\train\ok_front\cast_ok_0_9995.jpeg,0,train,2873,train
data\raw\casting_data\casting_data\train\ok_front\cast_ok_0_9998.jpeg,0,train,2874,train
data\raw\casting_data\casting_data\test\ok_front\cast_ok_0_10.jpeg,0,test,2875,train
data\raw\casting_data\casting_data\test\ok_front\cast_ok_0_1001.jpeg,0,test,2876,val
data\raw\casting_data\casting_data\test\ok_front\cast_ok_0_1002.jpeg,0,test,2877,train
data\raw\casting_data\casting_data\test\ok_front\cast_ok_0_1003.jpeg,0,test,2957,test
data\raw\casting_data\casting_data\test\ok_front\cast_ok_0_1019.jpeg,0,test,2879,train
data\raw\casting_data\casting_data\test\ok_front\cast_ok_0_1020.jpeg,0,test,2880,test
data\raw\casting_data\casting_data\test\ok_front\cast_ok_0_1021.jpeg,0,test,2881,test
data\raw\casting_data\casting_data\test\ok_front\cast_ok_0_1022.jpeg,0,test,2882,train
data\raw\casting_data\casting_data\test\ok_front\cast_ok_0_1026.jpeg,0,test,2883,train
data\raw\casting_data\casting_data\test\ok_front\cast_ok_0_1028.jpeg,0,test,2884,train
data\raw\casting_data\casting_data\test\ok_front\cast_ok_0_1031.jpeg,0,test,2885,train
data\raw\casting_data\casting_data\test\ok_front\cast_ok_0_1040.jpeg,0,test,2886,train
data\raw\casting_data\casting_data\test\ok_front\cast_ok_0_1066.jpeg,0,test,2887,val
data\raw\casting_data\casting_data\test\ok_front\cast_ok_0_1069.jpeg,0,test,2888,test
data\raw\casting_data\casting_data\test\ok_front\cast_ok_0_1077.jpeg,0,test,2889,train
data\raw\casting_data\casting_data\test\ok_front\cast_ok_0_1088.jpeg,0,test,2391,train
data\raw\casting_data\casting_data\test\ok_front\cast_ok_0_1092.jpeg,0,test,2902,train
data\raw\casting_data\casting_data\test\ok_front\cast_ok_0_1093.jpeg,0,test,3098,train
data\raw\casting_data\casting_data\test\ok_front\cast_ok_0_1095.jpeg,0,test,2042,train
data\raw\casting_data\casting_data\test\ok_front\cast_ok_0_1096.jpeg,0,test,1930,val
data\raw\casting_data\casting_data\test\ok_front\cast_ok_0_1120.jpeg,0,test,2792,val
data\raw\casting_data\casting_data\test\ok_front\cast_ok_0_1121.jpeg,0,test,2896,train
data\raw\casting_data\casting_data\test\ok_front\cast_ok_0_1127.jpeg,0,test,2897,train
data\raw\casting_data\casting_data\test\ok_front\cast_ok_0_1132.jpeg,0,test,2898,train
data\raw\casting_data\casting_data\test\ok_front\cast_ok_0_1134.jpeg,0,test,2427,val
data\raw\casting_data\casting_data\test\ok_front\cast_ok_0_1137.jpeg,0,test,2900,val
data\raw\casting_data\casting_data\test\ok_front\cast_ok_0_1140.jpeg,0,test,2901,train
data\raw\casting_data\casting_data\test\ok_front\cast_ok_0_1141.jpeg,0,test,2902,train
data\raw\casting_data\casting_data\test\ok_front\cast_ok_0_1144.jpeg,0,test,2903,train
data\raw\casting_data\casting_data\test\ok_front\cast_ok_0_1145.jpeg,0,test,2682,train
data\raw\casting_data\casting_data\test\ok_front\cast_ok_0_1160.jpeg,0,test,2905,train
data\raw\casting_data\casting_data\test\ok_front\cast_ok_0_1165.jpeg,0,test,3038,train
data\raw\casting_data\casting_data\test\ok_front\cast_ok_0_1169.jpeg,0,test,2907,train
data\raw\casting_data\casting_data\test\ok_front\cast_ok_0_1170.jpeg,0,test,2908,train
data\raw\casting_data\casting_data\test\ok_front\cast_ok_0_1171.jpeg,0,test,2761,train
data\raw\casting_data\casting_data\test\ok_front\cast_ok_0_1172.jpeg,0,test,3082,train
data\raw\casting_data\casting_data\test\ok_front\cast_ok_0_1173.jpeg,0,test,2911,train
data\raw\casting_data\casting_data\test\ok_front\cast_ok_0_1174.jpeg,0,test,2912,train
data\raw\casting_data\casting_data\test\ok_front\cast_ok_0_1176.jpeg,0,test,2913,train
data\raw\casting_data\casting_data\test\ok_front\cast_ok_0_1180.jpeg,0,test,2914,train
data\raw\casting_data\casting_data\test\ok_front\cast_ok_0_1200.jpeg,0,test,2528,train
data\raw\casting_data\casting_data\test\ok_front\cast_ok_0_1202.jpeg,0,test,3098,train
data\raw\casting_data\casting_data\test\ok_front\cast_ok_0_1203.jpeg,0,test,3067,train
data\raw\casting_data\casting_data\test\ok_front\cast_ok_0_1207.jpeg,0,test,1908,test
data\raw\casting_data\casting_data\test\ok_front\cast_ok_0_1209.jpeg,0,test,2836,train
data\raw\casting_data\casting_data\test\ok_front\cast_ok_0_1210.jpeg,0,test,2920,train
data\raw\casting_data\casting_data\test\ok_front\cast_ok_0_1213.jpeg,0,test,3103,test
data\raw\casting_data\casting_data\test\ok_front\cast_ok_0_1218.jpeg,0,test,3069,test
data\raw\casting_data\casting_data\test\ok_front\cast_ok_0_1315.jpeg,0,test,2923,train
data\raw\casting_data\casting_data\test\ok_front\cast_ok_0_1316.jpeg,0,test,2924,train
data\raw\casting_data\casting_data\test\ok_front\cast_ok_0_1318.jpeg,0,test,3099,train
data\raw\casting_data\casting_data\test\ok_front\cast_ok_0_1323.jpeg,0,test,2926,train
data\raw\casting_data\casting_data\test\ok_front\cast_ok_0_1326.jpeg,0,test,3103,test
data\raw\casting_data\casting_data\test\ok_front\cast_ok_0_1328.jpeg,0,test,2051,train
data\raw\casting_data\casting_data\test\ok_front\cast_ok_0_1331.jpeg,0,test,2929,train
data\raw\casting_data\casting_data\test\ok_front\cast_ok_0_1333.jpeg,0,test,2930,train
data\raw\casting_data\casting_data\test\ok_front\cast_ok_0_1334.jpeg,0,test,2957,test
data\raw\casting_data\casting_data\test\ok_front\cast_ok_0_1343.jpeg,0,test,2932,train
data\raw\casting_data\casting_data\test\ok_front\cast_ok_0_1347.jpeg,0,test,2933,train
data\raw\casting_data\casting_data\test\ok_front\cast_ok_0_1351.jpeg,0,test,2934,val
data\raw\casting_data\casting_data\test\ok_front\cast_ok_0_1368.jpeg,0,test,2935,train
data\raw\casting_data\casting_data\test\ok_front\cast_ok_0_1376.jpeg,0,test,1778,val
data\raw\casting_data\casting_data\test\ok_front\cast_ok_0_1381.jpeg,0,test,3055,train
data\raw\casting_data\casting_data\test\ok_front\cast_ok_0_1382.jpeg,0,test,1865,val
data\raw\casting_data\casting_data\test\ok_front\cast_ok_0_1384.jpeg,0,test,3041,test
data\raw\casting_data\casting_data\test\ok_front\cast_ok_0_1385.jpeg,0,test,2987,train
data\raw\casting_data\casting_data\test\ok_front\cast_ok_0_14.jpeg,0,test,2941,train
data\raw\casting_data\casting_data\test\ok_front\cast_ok_0_1415.jpeg,0,test,2942,train
data\raw\casting_data\casting_data\test\ok_front\cast_ok_0_1420.jpeg,0,test,2943,train
data\raw\casting_data\casting_data\test\ok_front\cast_ok_0_1421.jpeg,0,test,2944,train
data\raw\casting_data\casting_data\test\ok_front\cast_ok_0_1426.jpeg,0,test,2945,train
data\raw\casting_data\casting_data\test\ok_front\cast_ok_0_1430.jpeg,0,test,2946,test
data\raw\casting_data\casting_data\test\ok_front\cast_ok_0_1431.jpeg,0,test,2947,test
data\raw\casting_data\casting_data\test\ok_front\cast_ok_0_1438.jpeg,0,test,2948,train
data\raw\casting_data\casting_data\test\ok_front\cast_ok_0_16.jpeg,0,test,2949,train
data\raw\casting_data\casting_data\test\ok_front\cast_ok_0_1865.jpeg,0,test,2399,train
data\raw\casting_data\casting_data\test\ok_front\cast_ok_0_1891.jpeg,0,test,2951,train
data\raw\casting_data\casting_data\test\ok_front\cast_ok_0_1925.jpeg,0,test,2952,train
data\raw\casting_data\casting_data\test\ok_front\cast_ok_0_1958.jpeg,0,test,2953,test
data\raw\casting_data\casting_data\test\ok_front\cast_ok_0_2012.jpeg,0,test,2193,train
data\raw\casting_data\casting_data\test\ok_front\cast_ok_0_2272.jpeg,0,test,2955,val
data\raw\casting_data\casting_data\test\ok_front\cast_ok_0_2273.jpeg,0,test,2446,train
data\raw\casting_data\casting_data\test\ok_front\cast_ok_0_2286.jpeg,0,test,2957,test
data\raw\casting_data\casting_data\test\ok_front\cast_ok_0_2291.jpeg,0,test,3062,train
data\raw\casting_data\casting_data\test\ok_front\cast_ok_0_2303.jpeg,0,test,2959,val
data\raw\casting_data\casting_data\test\ok_front\cast_ok_0_2311.jpeg,0,test,3106,train
data\raw\casting_data\casting_data\test\ok_front\cast_ok_0_2330.jpeg,0,test,2961,train
data\raw\casting_data\casting_data\test\ok_front\cast_ok_0_2340.jpeg,0,test,1862,train
data\raw\casting_data\casting_data\test\ok_front\cast_ok_0_235.jpeg,0,test,2963,train
data\raw\casting_data\casting_data\test\ok_front\cast_ok_0_238.jpeg,0,test,2696,train
data\raw\casting_data\casting_data\test\ok_front\cast_ok_0_239.jpeg,0,test,2965,train
data\raw\casting_data\casting_data\test\ok_front\cast_ok_0_246.jpeg,0,test,3088,train
data\raw\casting_data\casting_data\test\ok_front\cast_ok_0_259.jpeg,0,test,2967,train
data\raw\casting_data\casting_data\test\ok_front\cast_ok_0_268.jpeg,0,test,2968,train
data\raw\casting_data\casting_data\test\ok_front\cast_ok_0_2686.jpeg,0,test,2969,train
data\raw\casting_data\casting_data\test\ok_front\cast_ok_0_2687.jpeg,0,test,2970,train
data\raw\casting_data\casting_data\test\ok_front\cast_ok_0_2694.jpeg,0,test,2971,train
data\raw\casting_data\casting_data\test\ok_front\cast_ok_0_2698.jpeg,0,test,2972,train
data\raw\casting_data\casting_data\test\ok_front\cast_ok_0_2699.jpeg,0,test,2973,train
data\raw\casting_data\casting_data\test\ok_front\cast_ok_0_2700.jpeg,0,test,2974,train
data\raw\casting_data\casting_data\test\ok_front\cast_ok_0_2707.jpeg,0,test,2975,test
data\raw\casting_data\casting_data\test\ok_front\cast_ok_0_2708.jpeg,0,test,3046,train
data\raw\casting_data\casting_data\test\ok_front\cast_ok_0_2722.jpeg,0,test,2977,train
data\raw\casting_data\casting_data\test\ok_front\cast_ok_0_2724.jpeg,0,test,2978,train
data\raw\casting_data\casting_data\test\ok_front\cast_ok_0_2726.jpeg,0,test,2979,test
data\raw\casting_data\casting_data\test\ok_front\cast_ok_0_2727.jpeg,0,test,2980,train
data\raw\casting_data\casting_data\test\ok_front\cast_ok_0_2729.jpeg,0,test,2981,train
data\raw\casting_data\casting_data\test\ok_front\cast_ok_0_2730.jpeg,0,test,2982,test
data\raw\casting_data\casting_data\test\ok_front\cast_ok_0_2732.jpeg,0,test,2983,test
data\raw\casting_data\casting_data\test\ok_front\cast_ok_0_2737.jpeg,0,test,2984,train
data\raw\casting_data\casting_data\test\ok_front\cast_ok_0_2752.jpeg,0,test,2985,train
data\raw\casting_data\casting_data\test\ok_front\cast_ok_0_2754.jpeg,0,test,2986,test
data\raw\casting_data\casting_data\test\ok_front\cast_ok_0_2755.jpeg,0,test,2987,train
data\raw\casting_data\casting_data\test\ok_front\cast_ok_0_2758.jpeg,0,test,2988,train
data\raw\casting_data\casting_data\test\ok_front\cast_ok_0_2761.jpeg,0,test,2989,test
data\raw\casting_data\casting_data\test\ok_front\cast_ok_0_2765.jpeg,0,test,2990,train
data\raw\casting_data\casting_data\test\ok_front\cast_ok_0_2768.jpeg,0,test,2991,test
data\raw\casting_data\casting_data\test\ok_front\cast_ok_0_2769.jpeg,0,test,2992,train
data\raw\casting_data\casting_data\test\ok_front\cast_ok_0_2784.jpeg,0,test,2993,test
data\raw\casting_data\casting_data\test\ok_front\cast_ok_0_2786.jpeg,0,test,890,val
data\raw\casting_data\casting_data\test\ok_front\cast_ok_0_2798.jpeg,0,test,2995,val
data\raw\casting_data\casting_data\test\ok_front\cast_ok_0_2801.jpeg,0,test,2996,test
data\raw\casting_data\casting_data\test\ok_front\cast_ok_0_2803.jpeg,0,test,2997,train
data\raw\casting_data\casting_data\test\ok_front\cast_ok_0_2805.jpeg,0,test,2998,train
data\raw\casting_data\casting_data\test\ok_front\cast_ok_0_2807.jpeg,0,test,2999,train
data\raw\casting_data\casting_data\test\ok_front\cast_ok_0_2810.jpeg,0,test,3000,train
data\raw\casting_data\casting_data\test\ok_front\cast_ok_0_2829.jpeg,0,test,3001,train
data\raw\casting_data\casting_data\test\ok_front\cast_ok_0_2831.jpeg,0,test,3002,val
data\raw\casting_data\casting_data\test\ok_front\cast_ok_0_2833.jpeg,0,test,2957,test
data\raw\casting_data\casting_data\test\ok_front\cast_ok_0_2840.jpeg,0,test,3004,train
data\raw\casting_data\casting_data\test\ok_front\cast_ok_0_2841.jpeg,0,test,2523,train
data\raw\casting_data\casting_data\test\ok_front\cast_ok_0_2844.jpeg,0,test,3006,train
data\raw\casting_data\casting_data\test\ok_front\cast_ok_0_2848.jpeg,0,test,3007,train
data\raw\casting_data\casting_data\test\ok_front\cast_ok_0_2850.jpeg,0,test,3016,train
data\raw\casting_data\casting_data\test\ok_front\cast_ok_0_2867.jpeg,0,test,3009,train
data\raw\casting_data\casting_data\test\ok_front\cast_ok_0_2868.jpeg,0,test,3010,test
data\raw\casting_data\casting_data\test\ok_front\cast_ok_0_2869.jpeg,0,test,3011,train
data\raw\casting_data\casting_data\test\ok_front\cast_ok_0_2884.jpeg,0,test,3012,val
data\raw\casting_data\casting_data\test\ok_front\cast_ok_0_2885.jpeg,0,test,3013,train
data\raw\casting_data\casting_data\test\ok_front\cast_ok_0_2892.jpeg,0,test,3014,test
data\raw\casting_data\casting_data\test\ok_front\cast_ok_0_2894.jpeg,0,test,3015,val
data\raw\casting_data\casting_data\test\ok_front\cast_ok_0_2900.jpeg,0,test,3016,train
data\raw\casting_data\casting_data\test\ok_front\cast_ok_0_2911.jpeg,0,test,3017,train
data\raw\casting_data\casting_data\test\ok_front\cast_ok_0_2914.jpeg,0,test,3018,train
data\raw\casting_data\casting_data\test\ok_front\cast_ok_0_2915.jpeg,0,test,3019,train
data\raw\casting_data\casting_data\test\ok_front\cast_ok_0_2917.jpeg,0,test,2746,train
data\raw\casting_data\casting_data\test\ok_front\cast_ok_0_2926.jpeg,0,test,3021,test
data\raw\casting_data\casting_data\test\ok_front\cast_ok_0_2927.jpeg,0,test,3022,train
data\raw\casting_data\casting_data\test\ok_front\cast_ok_0_2932.jpeg,0,test,3023,val
data\raw\casting_data\casting_data\test\ok_front\cast_ok_0_2935.jpeg,0,test,3024,test
data\raw\casting_data\casting_data\test\ok_front\cast_ok_0_31.jpeg,0,test,3025,train
data\raw\casting_data\casting_data\test\ok_front\cast_ok_0_3264.jpeg,0,test,3026,val
data\raw\casting_data\casting_data\test\ok_front\cast_ok_0_3278.jpeg,0,test,3038,train
data\raw\casting_data\casting_data\test\ok_front\cast_ok_0_3292.jpeg,0,test,3028,val
data\raw\casting_data\casting_data\test\ok_front\cast_ok_0_3294.jpeg,0,test,3016,train
data\raw\casting_data\casting_data\test\ok_front\cast_ok_0_4475.jpeg,0,test,3030,train
data\raw\casting_data\casting_data\test\ok_front\cast_ok_0_4476.jpeg,0,test,3031,train
data\raw\casting_data\casting_data\test\ok_front\cast_ok_0_4497.jpeg,0,test,3032,train
data\raw\casting_data\casting_data\test\ok_front\cast_ok_0_4498.jpeg,0,test,3033,train
data\raw\casting_data\casting_data\test\ok_front\cast_ok_0_45.jpeg,0,test,3034,val
data\raw\casting_data\casting_data\test\ok_front\cast_ok_0_49.jpeg,0,test,3035,train
data\raw\casting_data\casting_data\test\ok_front\cast_ok_0_4987.jpeg,0,test,3036,train
data\raw\casting_data\casting_data\test\ok_front\cast_ok_0_4992.jpeg,0,test,3037,train
data\raw\casting_data\casting_data\test\ok_front\cast_ok_0_5009.jpeg,0,test,3038,train
data\raw\casting_data\casting_data\test\ok_front\cast_ok_0_5012.jpeg,0,test,3039,train
data\raw\casting_data\casting_data\test\ok_front\cast_ok_0_504.jpeg,0,test,3040,train
data\raw\casting_data\casting_data\test\ok_front\cast_ok_0_505.jpeg,0,test,3041,test
data\raw\casting_data\casting_data\test\ok_front\cast_ok_0_525.jpeg,0,test,3042,val
data\raw\casting_data\casting_data\test\ok_front\cast_ok_0_526.jpeg,0,test,3043,val
data\raw\casting_data\casting_data\test\ok_front\cast_ok_0_5530.jpeg,0,test,3044,train
data\raw\casting_data\casting_data\test\ok_front\cast_ok_0_5533.jpeg,0,test,3045,train
data\raw\casting_data\casting_data\test\ok_front\cast_ok_0_5541.jpeg,0,test,3046,train
data\raw\casting_data\casting_data\test\ok_front\cast_ok_0_5560.jpeg,0,test,3105,train
data\raw\casting_data\casting_data\test\ok_front\cast_ok_0_5567.jpeg,0,test,3048,train
data\raw\casting_data\casting_data\test\ok_front\cast_ok_0_5587.jpeg,0,test,3049,val
data\raw\casting_data\casting_data\test\ok_front\cast_ok_0_5590.jpeg,0,test,3088,train
data\raw\casting_data\casting_data\test\ok_front\cast_ok_0_5605.jpeg,0,test,3051,train
data\raw\casting_data\casting_data\test\ok_front\cast_ok_0_5606.jpeg,0,test,3052,train
data\raw\casting_data\casting_data\test\ok_front\cast_ok_0_5805.jpeg,0,test,3053,train
data\raw\casting_data\casting_data\test\ok_front\cast_ok_0_5809.jpeg,0,test,3054,train
data\raw\casting_data\casting_data\test\ok_front\cast_ok_0_5815.jpeg,0,test,3055,train
data\raw\casting_data\casting_data\test\ok_front\cast_ok_0_62.jpeg,0,test,3056,train
data\raw\casting_data\casting_data\test\ok_front\cast_ok_0_6365.jpeg,0,test,3057,train
data\raw\casting_data\casting_data\test\ok_front\cast_ok_0_6388.jpeg,0,test,3058,train
data\raw\casting_data\casting_data\test\ok_front\cast_ok_0_64.jpeg,0,test,3062,train
data\raw\casting_data\casting_data\test\ok_front\cast_ok_0_6401.jpeg,0,test,3060,test
data\raw\casting_data\casting_data\test\ok_front\cast_ok_0_6681.jpeg,0,test,3061,train
data\raw\casting_data\casting_data\test\ok_front\cast_ok_0_6682.jpeg,0,test,3062,train
data\raw\casting_data\casting_data\test\ok_front\cast_ok_0_6714.jpeg,0,test,3063,train
data\raw\casting_data\casting_data\test\ok_front\cast_ok_0_6718.jpeg,0,test,3064,train
data\raw\casting_data\casting_data\test\ok_front\cast_ok_0_7044.jpeg,0,test,3065,train
data\raw\casting_data\casting_data\test\ok_front\cast_ok_0_7089.jpeg,0,test,3066,val
data\raw\casting_data\casting_data\test\ok_front\cast_ok_0_7559.jpeg,0,test,3067,train
data\raw\casting_data\casting_data\test\ok_front\cast_ok_0_7560.jpeg,0,test,3068,train
data\raw\casting_data\casting_data\test\ok_front\cast_ok_0_7588.jpeg,0,test,3069,test
data\raw\casting_data\casting_data\test\ok_front\cast_ok_0_7595.jpeg,0,test,3070,train
data\raw\casting_data\casting_data\test\ok_front\cast_ok_0_7611.jpeg,0,test,3071,train
data\raw\casting_data\casting_data\test\ok_front\cast_ok_0_7624.jpeg,0,test,3072,train
data\raw\casting_data\casting_data\test\ok_front\cast_ok_0_7631.jpeg,0,test,3073,train
data\raw\casting_data\casting_data\test\ok_front\cast_ok_0_7632.jpeg,0,test,3074,train
data\raw\casting_data\casting_data\test\ok_front\cast_ok_0_7820.jpeg,0,test,3075,val
data\raw\casting_data\casting_data\test\ok_front\cast_ok_0_7823.jpeg,0,test,3076,train
data\raw\casting_data\casting_data\test\ok_front\cast_ok_0_7839.jpeg,0,test,3077,test
data\raw\casting_data\casting_data\test\ok_front\cast_ok_0_7849.jpeg,0,test,3078,train
data\raw\casting_data\casting_data\test\ok_front\cast_ok_0_7900.jpeg,0,test,2951,train
data\raw\casting_data\casting_data\test\ok_front\cast_ok_0_7901.jpeg,0,test,2746,train
data\raw\casting_data\casting_data\test\ok_front\cast_ok_0_7925.jpeg,0,test,3081,train
data\raw\casting_data\casting_data\test\ok_front\cast_ok_0_7931.jpeg,0,test,3082,train
data\raw\casting_data\casting_data\test\ok_front\cast_ok_0_7936.jpeg,0,test,3083,train
data\raw\casting_data\casting_data\test\ok_front\cast_ok_0_7939.jpeg,0,test,3084,train
data\raw\casting_data\casting_data\test\ok_front\cast_ok_0_7945.jpeg,0,test,3085,train
data\raw\casting_data\casting_data\test\ok_front\cast_ok_0_7946.jpeg,0,test,3086,val
data\raw\casting_data\casting_data\test\ok_front\cast_ok_0_7997.jpeg,0,test,3087,train
data\raw\casting_data\casting_data\test\ok_front\cast_ok_0_8008.jpeg,0,test,3088,train
data\raw\casting_data\casting_data\test\ok_front\cast_ok_0_8010.jpeg,0,test,3089,train
data\raw\casting_data\casting_data\test\ok_front\cast_ok_0_8011.jpeg,0,test,3090,train
data\raw\casting_data\casting_data\test\ok_front\cast_ok_0_8172.jpeg,0,test,3091,test
data\raw\casting_data\casting_data\test\ok_front\cast_ok_0_8177.jpeg,0,test,3092,train
data\raw\casting_data\casting_data\test\ok_front\cast_ok_0_8189.jpeg,0,test,3093,val
data\raw\casting_data\casting_data\test\ok_front\cast_ok_0_8192.jpeg,0,test,3094,test
data\raw\casting_data\casting_data\test\ok_front\cast_ok_0_8611.jpeg,0,test,3095,train
data\raw\casting_data\casting_data\test\ok_front\cast_ok_0_8612.jpeg,0,test,3096,train
data\raw\casting_data\casting_data\test\ok_front\cast_ok_0_8614.jpeg,0,test,3097,train
data\raw\casting_data\casting_data\test\ok_front\cast_ok_0_863.jpeg,0,test,3098,train
data\raw\casting_data\casting_data\test\ok_front\cast_ok_0_8637.jpeg,0,test,3099,train
data\raw\casting_data\casting_data\test\ok_front\cast_ok_0_864.jpeg,0,test,3100,train
data\raw\casting_data\casting_data\test\ok_front\cast_ok_0_8644.jpeg,0,test,3101,val
data\raw\casting_data\casting_data\test\ok_front\cast_ok_0_8652.jpeg,0,test,3102,val
data\raw\casting_data\casting_data\test\ok_front\cast_ok_0_869.jpeg,0,test,3103,test
data\raw\casting_data\casting_data\test\ok_front\cast_ok_0_880.jpeg,0,test,3104,train
data\raw\casting_data\casting_data\test\ok_front\cast_ok_0_897.jpeg,0,test,3105,train
data\raw\casting_data\casting_data\test\ok_front\cast_ok_0_903.jpeg,0,test,3106,train
data\raw\casting_data\casting_data\test\ok_front\cast_ok_0_904.jpeg,0,test,3107,train
data\raw\casting_data\casting_data\test\ok_front\cast_ok_0_907.jpeg,0,test,3108,train
data\raw\casting_data\casting_data\test\ok_front\cast_ok_0_925.jpeg,0,test,3109,train
data\raw\casting_data\casting_data\test\ok_front\cast_ok_0_927.jpeg,0,test,3130,train
data\raw\casting_data\casting_data\test\ok_front\cast_ok_0_932.jpeg,0,test,2505,val
data\raw\casting_data\casting_data\test\ok_front\cast_ok_0_935.jpeg,0,test,2505,val
data\raw\casting_data\casting_data\test\ok_front\cast_ok_0_937.jpeg,0,test,3113,train
data\raw\casting_data\casting_data\test\ok_front\cast_ok_0_942.jpeg,0,test,2682,train
data\raw\casting_data\casting_data\test\ok_front\cast_ok_0_952.jpeg,0,test,3115,train
data\raw\casting_data\casting_data\test\ok_front\cast_ok_0_960.jpeg,0,test,3116,train
data\raw\casting_data\casting_data\test\ok_front\cast_ok_0_973.jpeg,0,test,3117,train
data\raw\casting_data\casting_data\test\ok_front\cast_ok_0_975.jpeg,0,test,3118,train
data\raw\casting_data\casting_data\test\ok_front\cast_ok_0_976.jpeg,0,test,3119,train
data\raw\casting_data\casting_data\test\ok_front\cast_ok_0_989.jpeg,0,test,3120,train
data\raw\casting_data\casting_data\test\ok_front\cast_ok_0_9918.jpeg,0,test,3121,train
data\raw\casting_data\casting_data\test\ok_front\cast_ok_0_9920.jpeg,0,test,3122,train
data\raw\casting_data\casting_data\test\ok_front\cast_ok_0_9925.jpeg,0,test,3113,train
data\raw\casting_data\casting_data\test\ok_front\cast_ok_0_9926.jpeg,0,test,3124,train
data\raw\casting_data\casting_data\test\ok_front\cast_ok_0_9928.jpeg,0,test,3125,train
data\raw\casting_data\casting_data\test\ok_front\cast_ok_0_9934.jpeg,0,test,3126,train
data\raw\casting_data\casting_data\test\ok_front\cast_ok_0_9943.jpeg,0,test,3127,train
data\raw\casting_data\casting_data\test\ok_front\cast_ok_0_9955.jpeg,0,test,3128,val
data\raw\casting_data\casting_data\test\ok_front\cast_ok_0_9961.jpeg,0,test,3129,train
data\raw\casting_data\casting_data\test\ok_front\cast_ok_0_9967.jpeg,0,test,3130,train
data\raw\casting_data\casting_data\test\ok_front\cast_ok_0_9973.jpeg,0,test,3131,test
data\raw\casting_data\casting_data\test\ok_front\cast_ok_0_9975.jpeg,0,test,3132,train
data\raw\casting_data\casting_data\test\ok_front\cast_ok_0_998.jpeg,0,test,3133,train
data\raw\casting_data\casting_data\test\ok_front\cast_ok_0_9988.jpeg,0,test,3134,train
data\raw\casting_data\casting_data\test\ok_front\cast_ok_0_9993.jpeg,0,test,2528,train
data\raw\casting_data\casting_data\test\ok_front\cast_ok_0_9996.jpeg,0,test,3136,test
data\raw\casting_data\casting_data\train\def_front\cast_def_0_1247.jpeg,1,train,3137,train
data\raw\casting_data\casting_data\train\def_front\cast_def_0_9047.jpeg,1,train,3138,train
data\raw\casting_data\casting_data\train\def_front\cast_def_0_3330.jpeg,1,train,3139,val
data\raw\casting_data\casting_data\train\def_front\cast_def_0_2474.jpeg,1,train,3140,train
data\raw\casting_data\casting_data\train\def_front\cast_def_0_6834.jpeg,1,train,3141,train
data\raw\casting_data\casting_data\train\def_front\cast_def_0_780.jpeg,1,train,3409,train
data\raw\casting_data\casting_data\train\def_front\cast_def_0_6706.jpeg,1,train,3143,train
data\raw\casting_data\casting_data\train\def_front\cast_def_0_3461.jpeg,1,train,3194,train
data\raw\casting_data\casting_data\train\def_front\cast_def_0_7982.jpeg,1,train,3145,train
data\raw\casting_data\casting_data\train\def_front\cast_def_0_8438.jpeg,1,train,3146,train
data\raw\casting_data\casting_data\train\def_front\cast_def_0_3545.jpeg,1,train,3147,train
data\raw\casting_data\casting_data\train\def_front\cast_def_0_4072.jpeg,1,train,3148,train
data\raw\casting_data\casting_data\test\def_front\cast_def_0_1683.jpeg,1,test,3149,train
data\raw\casting_data\casting_data\train\def_front\cast_def_0_4266.jpeg,1,train,3150,train
data\raw\casting_data\casting_data\train\def_front\cast_def_0_9697.jpeg,1,train,3151,val
data\raw\casting_data\casting_data\train\def_front\cast_def_0_3056.jpeg,1,train,3152,train
data\raw\casting_data\casting_data\train\def_front\cast_def_0_2609.jpeg,1,train,3153,train
data\raw\casting_data\casting_data\train\def_front\cast_def_0_6115.jpeg,1,train,3154,test
data\raw\casting_data\casting_data\train\def_front\cast_def_0_5403.jpeg,1,train,3155,train
data\raw\casting_data\casting_data\train\def_front\cast_def_0_915.jpeg,1,train,3156,train
data\raw\casting_data\casting_data\train\def_front\cast_def_0_6552.jpeg,1,train,3157,val
data\raw\casting_data\casting_data\test\def_front\cast_def_0_594.jpeg,1,test,3158,train
data\raw\casting_data\casting_data\train\def_front\cast_def_0_7335.jpeg,1,train,3159,train
data\raw\casting_data\casting_data\train\def_front\cast_def_0_9244.jpeg,1,train,3160,train
data\raw\casting_data\casting_data\train\def_front\cast_def_0_421.jpeg,1,train,3161,val
data\raw\casting_data\casting_data\train\def_front\cast_def_0_6791.jpeg,1,train,3162,train
data\raw\casting_data\casting_data\train\def_front\cast_def_0_8051.jpeg,1,train,3163,train
data\raw\casting_data\casting_data\test\def_front\new__0_2091.jpeg,1,test,3164,train
data\raw\casting_data\casting_data\train\def_front\cast_def_0_4615.jpeg,1,train,3165,train
data\raw\casting_data\casting_data\train\def_front\cast_def_0_9025.jpeg,1,train,3166,train
data\raw\casting_data\casting_data\train\def_front\cast_def_0_200.jpeg,1,train,3167,train
data\raw\casting_data\casting_data\train\def_front\cast_def_0_5836.jpeg,1,train,3168,train
data\raw\casting_data\casting_data\train\def_front\cast_def_0_3303.jpeg,1,train,3169,train
data\raw\casting_data\casting_data\train\def_front\cast_def_0_13.jpeg,1,train,3170,val
data\raw\casting_data\casting_data\train\def_front\cast_def_0_8732.jpeg,1,train,3171,train
data\raw\casting_data\casting_data\train\def_front\cast_def_0_682.jpeg,1,train,3172,train
data\raw\casting_data\casting_data\test\def_front\cast_def_0_65.jpeg,1,test,3190,train
data\raw\casting_data\casting_data\train\def_front\cast_def_0_4746.jpeg,1,train,3174,train
data\raw\casting_data\casting_data\train\def_front\cast_def_0_3153.jpeg,1,train,3175,train
data\raw\casting_data\casting_data\train\def_front\cast_def_0_3498.jpeg,1,train,3176,train
data\raw\casting_data\casting_data\train\def_front\cast_def_0_402.jpeg,1,train,3177,train
data\raw\casting_data\casting_data\train\def_front\cast_def_0_2035.jpeg,1,train,3178,train
data\raw\casting_data\casting_data\train\def_front\cast_def_0_3217.jpeg,1,train,3179,val
data\raw\casting_data\casting_data\test\def_front\cast_def_0_505.jpeg,1,test,3180,train
data\raw\casting_data\casting_data\train\def_front\cast_def_0_9556.jpeg,1,train,3181,val
data\raw\casting_data\casting_data\train\def_front\cast_def_0_4405.jpeg,1,train,3197,train
data\raw\casting_data\casting_data\train\def_front\cast_def_0_7805.jpeg,1,train,3183,test
data\raw\casting_data\casting_data\train\def_front\cast_def_0_7259.jpeg,1,train,3184,test
data\raw\casting_data\casting_data\train\def_front\cast_def_0_1209.jpeg,1,train,3185,train
data\raw\casting_data\casting_data\train\def_front\cast_def_0_2778.jpeg,1,train,3186,train
data\raw\casting_data\casting_data\test\def_front\cast_def_0_1620.jpeg,1,test,3187,train
data\raw\casting_data\casting_data\train\def_front\cast_def_0_9863.jpeg,1,train,3188,test
data\raw\casting_data\casting_data\train\def_front\cast_def_0_5517.jpeg,1,train,3189,train
data\raw\casting_data\casting_data\train\def_front\cast_def_0_1697.jpeg,1,train,3190,train
data\raw\casting_data\casting_data\train\def_front\cast_def_0_3644.jpeg,1,train,3191,train
data\raw\casting_data\casting_data\train\def_front\cast_def_0_1754.jpeg,1,train,3192,test
data\raw\casting_data\casting_data\train\def_front\cast_def_0_7030.jpeg,1,train,3193,train
data\raw\casting_data\casting_data\test\def_front\cast_def_0_591.jpeg,1,test,3194,train
data\raw\casting_data\casting_data\train\def_front\cast_def_0_9631.jpeg,1,train,3359,val
data\raw\casting_data\casting_data\train\def_front\cast_def_0_6692.jpeg,1,train,3196,train
data\raw\casting_data\casting_data\train\def_front\cast_def_0_3694.jpeg,1,train,3197,train
data\raw\casting_data\casting_data\train\def_front\cast_def_0_6808.jpeg,1,train,3198,train
data\raw\casting_data\casting_data\train\def_front\cast_def_0_8872.jpeg,1,train,3199,train
data\raw\casting_data\casting_data\train\def_front\cast_def_0_1670.jpeg,1,train,3299,train
data\raw\casting_data\casting_data\train\def_front\cast_def_0_9212.jpeg,1,train,3201,train
data\raw\casting_data\casting_data\train\def_front\cast_def_0_5044.jpeg,1,train,3202,test
data\raw\casting_data\casting_data\train\def_front\cast_def_0_1720.jpeg,1,train,3203,train
data\raw\casting_data\casting_data\test\def_front\cast_def_0_1421.jpeg,1,test,3204,train
data\raw\casting_data\casting_data\train\def_front\cast_def_0_5672.jpeg,1,train,3205,val
data\raw\casting_data\casting_data\train\def_front\cast_def_0_3092.jpeg,1,train,3206,val
data\raw\casting_data\casting_data\test\def_front\cast_def_0_1565.jpeg,1,test,3207,val
data\raw\casting_data\casting_data\train\def_front\cast_def_0_7281.jpeg,1,train,3208,train
data\raw\casting_data\casting_data\train\def_front\cast_def_0_6322.jpeg,1,train,3209,train
data\raw\casting_data\casting_data\train\def_front\cast_def_0_7917.jpeg,1,train,3210,train
data\raw\casting_data\casting_data\train\def_front\cast_def_0_2116.jpeg,1,train,3211,val
data\raw\casting_data\casting_data\train\def_front\cast_def_0_6658.jpeg,1,train,3212,val
data\raw\casting_data\casting_data\train\def_front\cast_def_0_9520.jpeg,1,train,3313,train
data\raw\casting_data\casting_data\train\def_front\cast_def_0_2882.jpeg,1,train,3214,train
data\raw\casting_data\casting_data\train\def_front\cast_def_0_6114.jpeg,1,train,3215,train
data\raw\casting_data\casting_data\train\def_front\cast_def_0_9254.jpeg,1,train,3216,test
data\raw\casting_data\casting_data\train\def_front\cast_def_0_4890.jpeg,1,train,3217,train
data\raw\casting_data\casting_data\train\def_front\cast_def_0_8527.jpeg,1,train,3218,train
data\raw\casting_data\casting_data\train\def_front\cast_def_0_3327.jpeg,1,train,3219,train
data\raw\casting_data\casting_data\train\def_front\cast_def_0_327.jpeg,1,train,3220,train
data\raw\casting_data\casting_data\train\def_front\cast_def_0_3131.jpeg,1,train,3221,train
data\raw\casting_data\casting_data\train\def_front\cast_def_0_4120.jpeg,1,train,3222,train
data\raw\casting_data\casting_data\train\def_front\cast_def_0_1457.jpeg,1,train,3223,val
data\raw\casting_data\casting_data\train\def_front\cast_def_0_7269.jpeg,1,train,3224,train
data\raw\casting_data\casting_data\train\def_front\cast_def_0_4507.jpeg,1,train,3225,train
data\raw\casting_data\casting_data\train\def_front\cast_def_0_7863.jpeg,1,train,3226,train
data\raw\casting_data\casting_data\train\def_front\cast_def_0_6443.jpeg,1,train,3227,train
data\raw\casting_data\casting_data\test\def_front\cast_def_0_1320.jpeg,1,test,3228,train
data\raw\casting_data\casting_data\train\def_front\cast_def_0_2571.jpeg,1,train,3229,train
data\raw\casting_data\casting_data\train\def_front\cast_def_0_3345.jpeg,1,train,3230,train
data\raw\casting_data\casting_data\train\def_front\cast_def_0_1866.jpeg,1,train,3231,train
data\raw\casting_data\casting_data\train\def_front\cast_def_0_6668.jpeg,1,train,3232,train
data\raw\casting_data\casting_data\train\def_front\cast_def_0_8594.jpeg,1,train,3233,train
data\raw\casting_data\casting_data\train\def_front\cast_def_0_1810.jpeg,1,train,3234,val
data\raw\casting_data\casting_data\train\def_front\cast_def_0_3805.jpeg,1,train,3235,test
data\raw\casting_data\casting_data\train\def_front\cast_def_0_7120.jpeg,1,train,3236,train
data\raw\casting_data\casting_data\train\def_front\cast_def_0_6874.jpeg,1,train,3237,train
data\raw\casting_data\casting_data\train\def_front\cast_def_0_1745.jpeg,1,train,3238,test
data\raw\casting_data\casting_data\train\def_front\cast_def_0_6515.jpeg,1,train,3239,train
data\raw\casting_data\casting_data\train\def_front\cast_def_0_1459.jpeg,1,train,3240,val
data\raw\casting_data\casting_data\train\def_front\cast_def_0_5595.jpeg,1,train,3241,train
data\raw\casting_data\casting_data\train\def_front\cast_def_0_24.jpeg,1,train,3242,train
data\raw\casting_data\casting_data\train\def_front\cast_def_0_1909.jpeg,1,train,3243,train
data\raw\casting_data\casting_data\train\def_front\cast_def_0_6895.jpeg,1,train,3244,train
data\raw\casting_data\casting_data\train\def_front\cast_def_0_8417.jpeg,1,train,3245,train
data\raw\casting_data\casting_data\train\def_front\cast_def_0_2679.jpeg,1,train,3246,test
data\raw\casting_data\casting_data\train\def_front\cast_def_0_4686.jpeg,1,train,3247,train
data\raw\casting_data\casting_data\train\def_front\cast_def_0_1409.jpeg,1,train,3248,train
data\raw\casting_data\casting_data\train\def_front\cast_def_0_7870.jpeg,1,train,3249,train
data\raw\casting_data\casting_data\train\def_front\cast_def_0_5444.jpeg,1,train,3250,train
data\raw\casting_data\casting_data\train\def_front\cast_def_0_9867.jpeg,1,train,3251,val
data\raw\casting_data\casting_data\train\def_front\cast_def_0_722.jpeg,1,train,3252,train
data\raw\casting_data\casting_data\train\def_front\cast_def_0_5693.jpeg,1,train,3253,train
data\raw\casting_data\casting_data\train\def_front\cast_def_0_6365.jpeg,1,train,3517,test
data\raw\casting_data\casting_data\train\def_front\cast_def_0_7515.jpeg,1,train,3255,val
data\raw\casting_data\casting_data\train\def_front\cast_def_0_2019.jpeg,1,train,3256,train
data\raw\casting_data\casting_data\train\def_front\cast_def_0_1797.jpeg,1,train,3257,train
data\raw\casting_data\casting_data\train\def_front\cast_def_0_9500.jpeg,1,train,3258,test
data\raw\casting_data\casting_data\train\def_front\cast_def_0_1999.jpeg,1,train,3259,test
data\raw\casting_data\casting_data\train\def_front\cast_def_0_7211.jpeg,1,train,3260,train
data\raw\casting_data\casting_data\train\def_front\cast_def_0_5134.jpeg,1,train,3261,val
data\raw\casting_data\casting_data\train\def_front\cast_def_0_6401.jpeg,1,train,3262,train
data\raw\casting_data\casting_data\train\def_front\cast_def_0_9700.jpeg,1,train,3263,train
data\raw\casting_data\casting_data\train\def_front\cast_def_0_3329.jpeg,1,train,3264,train
data\raw\casting_data\casting_data\train\def_front\cast_def_0_5231.jpeg,1,train,3265,train
data\raw\casting_data\casting_data\train\def_front\cast_def_0_1731.jpeg,1,train,3266,test
data\raw\casting_data\casting_data\train\def_front\cast_def_0_8481.jpeg,1,train,3491,train
data\raw\casting_data\casting_data\train\def_front\cast_def_0_7208.jpeg,1,train,3268,train
data\raw\casting_data\casting_data\test\def_front\new__0_9334.jpeg,1,test,3269,train
data\raw\casting_data\casting_data\train\def_front\cast_def_0_6023.jpeg,1,train,3270,train
data\raw\casting_data\casting_data\train\def_front\cast_def_0_4626.jpeg,1,train,3271,test
data\raw\casting_data\casting_data\train\def_front\cast_def_0_2500.jpeg,1,train,3272,train
data\raw\casting_data\casting_data\train\def_front\cast_def_0_5021.jpeg,1,train,3273,val
data\raw\casting_data\casting_data\train\def_front\cast_def_0_5898.jpeg,1,train,3274,val
data\raw\casting_data\casting_data\train\def_front\cast_def_0_1175.jpeg,1,train,3275,train
data\raw\casting_data\casting_data\train\def_front\cast_def_0_8362.jpeg,1,train,3276,train
data\raw\casting_data\casting_data\train\def_front\cast_def_0_4899.jpeg,1,train,3277,test
data\raw\casting_data\casting_data\train\def_front\cast_def_0_7387.jpeg,1,train,3278,train
data\raw\casting_data\casting_data\train\def_front\cast_def_0_1082.jpeg,1,train,3279,train
data\raw\casting_data\casting_data\train\def_front\cast_def_0_1019.jpeg,1,train,3280,train
data\raw\casting_data\casting_data\train\def_front\cast_def_0_8902.jpeg,1,train,3281,train
data\raw\casting_data\casting_data\train\def_front\cast_def_0_9332.jpeg,1,train,3282,train
data\raw\casting_data\casting_data\train\def_front\cast_def_0_7851.jpeg,1,train,3283,train
data\raw\casting_data\casting_data\train\def_front\cast_def_0_5520.jpeg,1,train,3284,train
data\raw\casting_data\casting_data\train\def_front\cast_def_0_7565.jpeg,1,train,3285,train
data\raw\casting_data\casting_data\test\def_front\cast_def_0_7468.jpeg,1,test,3286,test
data\raw\casting_data\casting_data\train\def_front\cast_def_0_9915.jpeg,1,train,3287,train
data\raw\casting_data\casting_data\test\def_front\cast_def_0_549.jpeg,1,test,3288,train
data\raw\casting_data\casting_data\train\def_front\cast_def_0_925.jpeg,1,train,3289,train
data\raw\casting_data\casting_data\train\def_front\cast_def_0_3572.jpeg,1,train,3290,val
data\raw\casting_data\casting_data\train\def_front\cast_def_0_7100.jpeg,1,train,3291,val
data\raw\casting_data\casting_data\train\def_front\cast_def_0_7622.jpeg,1,train,3292,train
data\raw\casting_data\casting_data\train\def_front\cast_def_0_770.jpeg,1,train,3293,train
data\raw\casting_data\casting_data\train\def_front\cast_def_0_7341.jpeg,1,train,3294,train
data\raw\casting_data\casting_data\test\def_front\cast_def_0_1414.jpeg,1,test,3295,train
data\raw\casting_data\casting_data\train\def_front\cast_def_0_3524.jpeg,1,train,3296,train
data\raw\casting_data\casting_data\train\def_front\cast_def_0_6660.jpeg,1,train,3297,train
data\raw\casting_data\casting_data\train\def_front\cast_def_0_6868.jpeg,1,train,3298,train
data\raw\casting_data\casting_data\train\def_front\cast_def_0_1832.jpeg,1,train,3299,train
data\raw\casting_data\casting_data\train\def_front\cast_def_0_8859.jpeg,1,train,3300,train
data\raw\casting_data\casting_data\train\def_front\cast_def_0_6978.jpeg,1,train,3301,train
data\raw\casting_data\casting_data\train\def_front\cast_def_0_6892.jpeg,1,train,3302,train
data\raw\casting_data\casting_data\train\def_front\cast_def_0_9937.jpeg,1,train,3303,train
data\raw\casting_data\casting_data\test\def_front\cast_def_0_1589.jpeg,1,test,3304,test
data\raw\casting_data\casting_data\train\def_front\cast_def_0_6914.jpeg,1,train,3305,train
data\raw\casting_data\casting_data\test\def_front\cast_def_0_148.jpeg,1,test,3306,train
data\raw\casting_data\casting_data\train\def_front\cast_def_0_6519.jpeg,1,train,3307,train
data\raw\casting_data\casting_data\train\def_front\cast_def_0_1946.jpeg,1,train,3308,val
data\raw\casting_data\casting_data\train\def_front\cast_def_0_6804.jpeg,1,train,3309,val
data\raw\casting_data\casting_data\train\def_front\cast_def_0_5069.jpeg,1,train,3310,val
data\raw\casting_data\casting_data\train\def_front\cast_def_0_4116.jpeg,1,train,3311,val
data\raw\casting_data\casting_data\train\def_front\cast_def_0_4685.jpeg,1,train,3312,train
data\raw\casting_data\casting_data\train\def_front\cast_def_0_9367.jpeg,1,train,3313,train
data\raw\casting_data\casting_data\train\def_front\cast_def_0_5282.jpeg,1,train,3314,train
data\raw\casting_data\casting_data\train\def_front\cast_def_0_9523.jpeg,1,train,3315,train
data\raw\casting_data\casting_data\train\def_front\cast_def_0_4187.jpeg,1,train,3316,train
data\raw\casting_data\casting_data\train\def_front\cast_def_0_8129.jpeg,1,train,3317,train
data\raw\casting_data\casting_data\train\def_front\cast_def_0_8245.jpeg,1,train,3318,train
data\raw\casting_data\casting_data\train\def_front\cast_def_0_3772.jpeg,1,train,3319,train
data\raw\casting_data\casting_data\train\def_front\cast_def_0_304.jpeg,1,train,3320,train
data\raw\casting_data\casting_data\train\def_front\cast_def_0_9701.jpeg,1,train,3321,train
data\raw\casting_data\casting_data\train\def_front\cast_def_0_5962.jpeg,1,train,3322,test
data\raw\casting_data\casting_data\train\def_front\cast_def_0_695.jpeg,1,train,3323,train
data\raw\casting_data\casting_data\train\def_front\cast_def_0_315.jpeg,1,train,3324,test
data\raw\casting_data\casting_data\train\def_front\cast_def_0_8488.jpeg,1,train,3325,train
data\raw\casting_data\casting_data\train\def_front\cast_def_0_8697.jpeg,1,train,3326,train
data\raw\casting_data\casting_data\train\def_front\cast_def_0_2758.jpeg,1,train,3327,val
data\raw\casting_data\casting_data\test\def_front\cast_def_0_461.jpeg,1,test,3328,val
data\raw\casting_data\casting_data\train\def_front\cast_def_0_4438.jpeg,1,train,3329,test
data\raw\casting_data\casting_data\train\def_front\cast_def_0_1043.jpeg,1,train,3330,test
data\raw\casting_data\casting_data\train\def_front\cast_def_0_4802.jpeg,1,train,3331,train
data\raw\casting_data\casting_data\train\def_front\cast_def_0_2595.jpeg,1,train,3332,train
data\raw\casting_data\casting_data\train\def_front\cast_def_0_9368.jpeg,1,train,3333,train
data\raw\casting_data\casting_data\train\def_front\cast_def_0_4269.jpeg,1,train,3334,test
data\raw\casting_data\casting_data\train\def_front\cast_def_0_7610.jpeg,1,train,3335,train
data\raw\casting_data\casting_data\train\def_front\cast_def_0_1953.jpeg,1,train,3336,train
data\raw\casting_data\casting_data\train\def_front\cast_def_0_6208.jpeg,1,train,3337,test
data\raw\casting_data\casting_data\train\def_front\cast_def_0_8555.jpeg,1,train,3338,test
data\raw\casting_data\casting_data\train\def_front\cast_def_0_2693.jpeg,1,train,3339,test
data\raw\casting_data\casting_data\test\def_front\cast_def_0_220.jpeg,1,test,3340,val
data\raw\casting_data\casting_data\train\def_front\cast_def_0_9325.jpeg,1,train,3341,val
data\raw\casting_data\casting_data\train\def_front\cast_def_0_4592.jpeg,1,train,3342,train
data\raw\casting_data\casting_data\train\def_front\cast_def_0_5019.jpeg,1,train,3343,train
data\raw\casting_data\casting_data\train\def_front\cast_def_0_7381.jpeg,1,train,3344,train
data\raw\casting_data\casting_data\train\def_front\cast_def_0_1169.jpeg,1,train,3345,train
data\raw\casting_data\casting_data\train\def_front\cast_def_0_5623.jpeg,1,train,3346,train
data\raw\casting_data\casting_data\train\def_front\cast_def_0_5552.jpeg,1,train,3347,train
data\raw\casting_data\casting_data\train\def_front\cast_def_0_7814.jpeg,1,train,3348,val
data\raw\casting_data\casting_data\train\def_front\cast_def_0_8808.jpeg,1,train,3349,train
data\raw\casting_data\casting_data\train\def_front\cast_def_0_7556.jpeg,1,train,3350,train
data\raw\casting_data\casting_data\train\def_front\cast_def_0_2569.jpeg,1,train,3351,test
data\raw\casting_data\casting_data\train\def_front\cast_def_0_4610.jpeg,1,train,3352,train
data\raw\casting_data\casting_data\train\def_front\cast_def_0_4902.jpeg,1,train,3353,val
data\raw\casting_data\casting_data\train\def_front\cast_def_0_4854.jpeg,1,train,3354,val
data\raw\casting_data\casting_data\train\def_front\cast_def_0_7544.jpeg,1,train,3355,train
data\raw\casting_data\casting_data\train\def_front\cast_def_0_5070.jpeg,1,train,3356,train
data\raw\casting_data\casting_data\train\def_front\cast_def_0_4843.jpeg,1,train,3357,train
data\raw\casting_data\casting_data\train\def_front\cast_def_0_8638.jpeg,1,train,3358,val
data\raw\casting_data\casting_data\train\def_front\cast_def_0_7340.jpeg,1,train,3359,val
data\raw\casting_data\casting_data\train\def_front\cast_def_0_8604.jpeg,1,train,3360,train
data\raw\casting_data\casting_data\train\def_front\cast_def_0_2965.jpeg,1,train,3361,train
data\raw\casting_data\casting_data\train\def_front\cast_def_0_3292.jpeg,1,train,3362,train
data\raw\casting_data\casting_data\train\def_front\cast_def_0_8240.jpeg,1,train,3363,train
data\raw\casting_data\casting_data\train\def_front\cast_def_0_4143.jpeg,1,train,3364,train
data\raw\casting_data\casting_data\train\def_front\cast_def_0_734.jpeg,1,train,3365,train
data\raw\casting_data\casting_data\train\def_front\cast_def_0_5576.jpeg,1,train,3366,test
data\raw\casting_data\casting_data\train\def_front\cast_def_0_6761.jpeg,1,train,3367,train
data\raw\casting_data\casting_data\train\def_front\cast_def_0_5383.jpeg,1,train,3368,train
data\raw\casting_data\casting_data\train\def_front\cast_def_0_6434.jpeg,1,train,3369,val
data\raw\casting_data\casting_data\train\def_front\cast_def_0_5546.jpeg,1,train,3370,test
data\raw\casting_data\casting_data\train\def_front\cast_def_0_5526.jpeg,1,train,3371,train
data\raw\casting_data\casting_data\train\def_front\cast_def_0_26.jpeg,1,train,3372,train
data\raw\casting_data\casting_data\train\def_front\cast_def_0_1776.jpeg,1,train,3373,train
data\raw\casting_data\casting_data\train\def_front\cast_def_0_2166.jpeg,1,train,3374,train
data\raw\casting_data\casting_data\train\def_front\cast_def_0_7265.jpeg,1,train,3375,train
data\raw\casting_data\casting_data\train\def_front\cast_def_0_3828.jpeg,1,train,3376,val
data\raw\casting_data\casting_data\train\def_front\cast_def_0_7664.jpeg,1,train,3377,train
data\raw\casting_data\casting_data\train\def_front\cast_def_0_2044.jpeg,1,train,3378,train
data\raw\casting_data\casting_data\train\def_front\cast_def_0_1037.jpeg,1,train,3379,train
data\raw\casting_data\casting_data\train\def_front\cast_def_0_9750.jpeg,1,train,3380,train
data\raw\casting_data\casting_data\train\def_front\cast_def_0_8884.jpeg,1,train,3381,train
data\raw\casting_data\casting_data\train\def_front\cast_def_0_9933.jpeg,1,train,3382,test
data\raw\casting_data\casting_data\train\def_front\cast_def_0_2945.jpeg,1,train,3383,test
data\raw\casting_data\casting_data\train\def_front\cast_def_0_4370.jpeg,1,train,3384,train
data\raw\casting_data\casting_data\test\def_front\cast_def_0_162.jpeg,1,test,3385,val
data\raw\casting_data\casting_data\train\def_front\cast_def_0_2574.jpeg,1,train,3386,train
data\raw\casting_data\casting_data\train\def_front\cast_def_0_5584.jpeg,1,train,3387,train
data\raw\casting_data\casting_data\train\def_front\cast_def_0_9420.jpeg,1,train,3388,val
data\raw\casting_data\casting_data\test\def_front\cast_def_0_9758.jpeg,1,test,3389,train
data\raw\casting_data\casting_data\test\def_front\cast_def_0_1583.jpeg,1,test,3390,val
data\raw\casting_data\casting_data\test\def_front\cast_def_0_108.jpeg,1,test,3391,train
data\raw\casting_data\casting_data\train\def_front\cast_def_0_6697.jpeg,1,train,3392,val
data\raw\casting_data\casting_data\train\def_front\cast_def_0_720.jpeg,1,train,3393,train
data\raw\casting_data\casting_data\train\def_front\cast_def_0_5220.jpeg,1,train,3394,test
data\raw\casting_data\casting_data\train\def_front\cast_def_0_3527.jpeg,1,train,3395,train
data\raw\casting_data\casting_data\train\def_front\cast_def_0_5315.jpeg,1,train,3396,val
data\raw\casting_data\casting_data\train\def_front\cast_def_0_7597.jpeg,1,train,3397,train
data\raw\casting_data\casting_data\train\def_front\cast_def_0_8558.jpeg,1,train,3398,train
data\raw\casting_data\casting_data\test\def_front\cast_def_0_1517.jpeg,1,test,3399,train
data\raw\casting_data\casting_data\train\def_front\cast_def_0_3196.jpeg,1,train,3400,train
data\raw\casting_data\casting_data\train\def_front\cast_def_0_8239.jpeg,1,train,3401,test
data\raw\casting_data\casting_data\train\def_front\cast_def_0_1105.jpeg,1,train,3402,train
data\raw\casting_data\casting_data\train\def_front\cast_def_0_5487.jpeg,1,train,3403,train
data\raw\casting_data\casting_data\train\def_front\cast_def_0_2889.jpeg,1,train,3404,test
data\raw\casting_data\casting_data\train\def_front\cast_def_0_4868.jpeg,1,train,3405,train
data\raw\casting_data\casting_data\train\def_front\cast_def_0_5218.jpeg,1,train,3406,train
data\raw\casting_data\casting_data\train\def_front\cast_def_0_2955.jpeg,1,train,3407,train
data\raw\casting_data\casting_data\train\def_front\cast_def_0_933.jpeg,1,train,3408,train
data\raw\casting_data\casting_data\train\def_front\cast_def_0_3725.jpeg,1,train,3409,train
data\raw\casting_data\casting_data\train\def_front\cast_def_0_7429.jpeg,1,train,3410,train
data\raw\casting_data\casting_data\train\def_front\cast_def_0_2829.jpeg,1,train,3411,train
data\raw\casting_data\casting_data\train\def_front\cast_def_0_8038.jpeg,1,train,3412,train
data\raw\casting_data\casting_data\test\def_front\cast_def_0_558.jpeg,1,test,3413,train
data\raw\casting_data\casting_data\train\def_front\cast_def_0_7343.jpeg,1,train,3414,train
data\raw\casting_data\casting_data\test\def_front\cast_def_0_2341.jpeg,1,test,3415,train
data\raw\casting_data\casting_data\train\def_front\cast_def_0_736.jpeg,1,train,3416,train
data\raw\casting_data\casting_data\train\def_front\cast_def_0_6506.jpeg,1,train,3417,train
data\raw\casting_data\casting_data\train\def_front\cast_def_0_6136.jpeg,1,train,3418,test
data\raw\casting_data\casting_data\train\def_front\cast_def_0_136.jpeg,1,train,3419,train
data\raw\casting_data\casting_data\train\def_front\cast_def_0_8320.jpeg,1,train,3420,train
data\raw\casting_data\casting_data\train\def_front\cast_def_0_7010.jpeg,1,train,3421,train
data\raw\casting_data\casting_data\train\def_front\cast_def_0_6858.jpeg,1,train,3422,train
data\raw\casting_data\casting_data\test\def_front\cast_def_0_2177.jpeg,1,test,3423,train
data\raw\casting_data\casting_data\train\def_front\cast_def_0_6767.jpeg,1,train,3424,train
data\raw\casting_data\casting_data\train\def_front\cast_def_0_5961.jpeg,1,train,3425,train
data\raw\casting_data\casting_data\train\def_front\cast_def_0_2552.jpeg,1,train,3426,train
data\raw\casting_data\casting_data\train\def_front\cast_def_0_8265.jpeg,1,train,3427,train
data\raw\casting_data\casting_data\test\def_front\cast_def_0_176.jpeg,1,test,3428,train
data\raw\casting_data\casting_data\train\def_front\cast_def_0_4304.jpeg,1,train,3429,test
data\raw\casting_data\casting_data\test\def_front\cast_def_0_643.jpeg,1,test,3430,train
data\raw\casting_data\casting_data\train\def_front\cast_def_0_6210.jpeg,1,train,3431,test
data\raw\casting_data\casting_data\train\def_front\cast_def_0_207.jpeg,1,train,3432,train
data\raw\casting_data\casting_data\train\def_front\cast_def_0_8658.jpeg,1,train,3433,train
data\raw\casting_data\casting_data\train\def_front\cast_def_0_5492.jpeg,1,train,3434,train
data\raw\casting_data\casting_data\train\def_front\cast_def_0_9637.jpeg,1,train,3435,train
data\raw\casting_data\casting_data\train\def_front\cast_def_0_7041.jpeg,1,train,3436,train
data\raw\casting_data\casting_data\train\def_front\cast_def_0_8259.jpeg,1,train,3437,train
data\raw\casting_data\casting_data\train\def_front\cast_def_0_8570.jpeg,1,train,3438,val
data\raw\casting_data\casting_data\train\def_front\cast_def_0_4220.jpeg,1,train,3439,train
data\raw\casting_data\casting_data\train\def_front\cast_def_0_7346.jpeg,1,train,3440,train
data\raw\casting_data\casting_data\train\def_front\cast_def_0_40.jpeg,1,train,3509,train
data\raw\casting_data\casting_data\train\def_front\cast_def_0_7627.jpeg,1,train,3442,train
data\raw\casting_data\casting_data\train\def_front\cast_def_0_1363.jpeg,1,train,3443,test
data\raw\casting_data\casting_data\train\def_front\cast_def_0_670.jpeg,1,train,3444,train
data\raw\casting_data\casting_data\train\def_front\cast_def_0_5819.jpeg,1,train,3445,train
data\raw\casting_data\casting_data\train\def_front\cast_def_0_9216.jpeg,1,train,3446,train
data\raw\casting_data\casting_data\train\def_front\cast_def_0_4171.jpeg,1,train,3447,val
data\raw\casting_data\casting_data\train\def_front\cast_def_0_399.jpeg,1,train,3448,train
data\raw\casting_data\casting_data\train\def_front\cast_def_0_9927.jpeg,1,train,3449,train
data\raw\casting_data\casting_data\test\def_front\cast_def_0_164.jpeg,1,test,3450,test
data\raw\casting_data\casting_data\train\def_front\cast_def_0_7696.jpeg,1,train,3451,train
data\raw\casting_data\casting_data\train\def_front\cast_def_0_5811.jpeg,1,train,3452,train
data\raw\casting_data\casting_data\train\def_front\cast_def_0_1077.jpeg,1,train,3453,train
data\raw\casting_data\casting_data\train\def_front\cast_def_0_6089.jpeg,1,train,3454,train
data\raw\casting_data\casting_data\train\def_front\cast_def_0_9191.jpeg,1,train,3455,test
data\raw\casting_data\casting_data\train\def_front\cast_def_0_5627.jpeg,1,train,3456,train
data\raw\casting_data\casting_data\train\def_front\cast_def_0_3055.jpeg,1,train,3457,test
data\raw\casting_data\casting_data\test\def_front\cast_def_0_2551.jpeg,1,test,3458,val
data\raw\casting_data\casting_data\train\def_front\cast_def_0_3821.jpeg,1,train,3459,train
data\raw\casting_data\casting_data\train\def_front\cast_def_0_5036.jpeg,1,train,3460,train
data\raw\casting_data\casting_data\train\def_front\cast_def_0_9639.jpeg,1,train,3461,train
data\raw\casting_data\casting_data\train\def_front\cast_def_0_9014.jpeg,1,train,3462,test
data\raw\casting_data\casting_data\test\def_front\cast_def_0_1535.jpeg,1,test,3463,val
data\raw\casting_data\casting_data\test\def_front\cast_def_0_230.jpeg,1,test,3464,test
data\raw\casting_data\casting_data\train\def_front\cast_def_0_3569.jpeg,1,train,3465,train
data\raw\casting_data\casting_data\train\def_front\cast_def_0_6049.jpeg,1,train,3466,train
data\raw\casting_data\casting_data\train\def_front\cast_def_0_6155.jpeg,1,train,3467,test
data\raw\casting_data\casting_data\train\def_front\cast_def_0_4908.jpeg,1,train,3468,train
data\raw\casting_data\casting_data\train\def_front\cast_def_0_4640.jpeg,1,train,3469,train
data\raw\casting_data\casting_data\train\def_front\cast_def_0_3866.jpeg,1,train,3470,train
data\raw\casting_data\casting_data\test\def_front\cast_def_0_40.jpeg,1,test,3471,train
data\raw\casting_data\casting_data\train\def_front\cast_def_0_9379.jpeg,1,train,3472,train
data\raw\casting_data\casting_data\train\def_front\cast_def_0_1852.jpeg,1,train,3473,train
data\raw\casting_data\casting_data\test\def_front\cast_def_0_1359.jpeg,1,test,3474,train
data\raw\casting_data\casting_data\train\def_front\cast_def_0_3869.jpeg,1,train,3475,train
data\raw\casting_data\casting_data\train\def_front\cast_def_0_1709.jpeg,1,train,3476,val
data\raw\casting_data\casting_data\train\def_front\cast_def_0_5225.jpeg,1,train,3477,test
data\raw\casting_data\casting_data\train\def_front\cast_def_0_8752.jpeg,1,train,3478,test
data\raw\casting_data\casting_data\train\def_front\cast_def_0_7929.jpeg,1,train,3479,val
data\raw\casting_data\casting_data\train\def_front\cast_def_0_3310.jpeg,1,train,3480,val
data\raw\casting_data\casting_data\train\def_front\cast_def_0_8965.jpeg,1,train,3481,train
data\raw\casting_data\casting_data\train\def_front\cast_def_0_9.jpeg,1,train,3482,train
data\raw\casting_data\casting_data\train\def_front\cast_def_0_4096.jpeg,1,train,3483,val
data\raw\casting_data\casting_data\train\def_front\cast_def_0_3408.jpeg,1,train,3484,test
data\raw\casting_data\casting_data\train\def_front\cast_def_0_3628.jpeg,1,train,3485,train
data\raw\casting_data\casting_data\train\def_front\cast_def_0_4035.jpeg,1,train,3486,train
data\raw\casting_data\casting_data\train\def_front\cast_def_0_3317.jpeg,1,train,3487,val
data\raw\casting_data\casting_data\train\def_front\cast_def_0_5462.jpeg,1,train,3488,train
data\raw\casting_data\casting_data\train\def_front\cast_def_0_4456.jpeg,1,train,3489,train
data\raw\casting_data\casting_data\train\def_front\cast_def_0_88.jpeg,1,train,3490,train
data\raw\casting_data\casting_data\train\def_front\cast_def_0_2157.jpeg,1,train,3491,train
data\raw\casting_data\casting_data\train\def_front\cast_def_0_1098.jpeg,1,train,3492,train
data\raw\casting_data\casting_data\train\def_front\cast_def_0_6636.jpeg,1,train,3493,val
data\raw\casting_data\casting_data\train\def_front\cast_def_0_7921.jpeg,1,train,3494,val
data\raw\casting_data\casting_data\train\def_front\cast_def_0_2292.jpeg,1,train,3495,val
data\raw\casting_data\casting_data\train\def_front\cast_def_0_1095.jpeg,1,train,3496,train
data\raw\casting_data\casting_data\train\def_front\cast_def_0_4830.jpeg,1,train,3497,train
data\raw\casting_data\casting_data\train\def_front\cast_def_0_4538.jpeg,1,train,3498,test
data\raw\casting_data\casting_data\train\def_front\cast_def_0_8007.jpeg,1,train,3499,train
data\raw\casting_data\casting_data\train\def_front\cast_def_0_6703.jpeg,1,train,3500,val
data\raw\casting_data\casting_data\train\def_front\cast_def_0_5865.jpeg,1,train,3501,train
data\raw\casting_data\casting_data\train\def_front\cast_def_0_6669.jpeg,1,train,3502,train
data\raw\casting_data\casting_data\train\def_front\cast_def_0_9064.jpeg,1,train,3503,train
data\raw\casting_data\casting_data\train\def_front\cast_def_0_3684.jpeg,1,train,3504,train
data\raw\casting_data\casting_data\train\def_front\cast_def_0_2383.jpeg,1,train,3505,train
data\raw\casting_data\casting_data\train\def_front\cast_def_0_19.jpeg,1,train,3506,train
data\raw\casting_data\casting_data\train\def_front\cast_def_0_5370.jpeg,1,train,3507,train
data\raw\casting_data\casting_data\train\def_front\cast_def_0_4506.jpeg,1,train,3508,val
data\raw\casting_data\casting_data\train\def_front\cast_def_0_4494.jpeg,1,train,3509,train
data\raw\casting_data\casting_data\train\def_front\cast_def_0_4262.jpeg,1,train,3510,train
data\raw\casting_data\casting_data\train\def_front\cast_def_0_9587.jpeg,1,train,3511,val
data\raw\casting_data\casting_data\train\def_front\cast_def_0_4936.jpeg,1,train,3512,train
data\raw\casting_data\casting_data\train\def_front\cast_def_0_2056.jpeg,1,train,3513,test
data\raw\casting_data\casting_data\train\def_front\cast_def_0_3956.jpeg,1,train,3514,test
data\raw\casting_data\casting_data\test\def_front\cast_def_0_1467.jpeg,1,test,3515,train
data\raw\casting_data\casting_data\train\def_front\cast_def_0_6885.jpeg,1,train,3516,test
data\raw\casting_data\casting_data\train\def_front\cast_def_0_9888.jpeg,1,train,3517,test
data\raw\casting_data\casting_data\test\def_front\cast_def_0_1424.jpeg,1,test,3518,train
data\raw\casting_data\casting_data\train\def_front\cast_def_0_3803.jpeg,1,train,3519,train
data\raw\casting_data\casting_data\train\def_front\cast_def_0_3333.jpeg,1,train,3520,train
data\raw\casting_data\casting_data\test\def_front\cast_def_0_1688.jpeg,1,test,3521,train
data\raw\casting_data\casting_data\train\def_front\cast_def_0_5787.jpeg,1,train,3522,test
data\raw\casting_data\casting_data\train\def_front\cast_def_0_8119.jpeg,1,train,3523,train
data\raw\casting_data\casting_data\test\def_front\cast_def_0_619.jpeg,1,test,3524,train
data\raw\casting_data\casting_data\train\def_front\cast_def_0_377.jpeg,1,train,3525,train
data\raw\casting_data\casting_data\train\def_front\cast_def_0_6174.jpeg,1,train,3526,train
data\raw\casting_data\casting_data\train\def_front\cast_def_0_2022.jpeg,1,train,3527,test
data\raw\casting_data\casting_data\train\def_front\cast_def_0_692.jpeg,1,train,3528,train
data\raw\casting_data\casting_data\train\def_front\cast_def_0_633.jpeg,1,train,3529,test
data\raw\casting_data\casting_data\train\def_front\cast_def_0_9558.jpeg,1,train,3530,train
data\raw\casting_data\casting_data\test\def_front\cast_def_0_1638.jpeg,1,test,3531,val
data\raw\casting_data\casting_data\test\def_front\cast_def_0_621.jpeg,1,test,3532,train
data\raw\casting_data\casting_data\train\def_front\cast_def_0_2721.jpeg,1,train,3533,train
data\raw\casting_data\casting_data\train\def_front\cast_def_0_2457.jpeg,1,train,3534,train
data\raw\casting_data\casting_data\train\def_front\cast_def_0_8561.jpeg,1,train,3535,val
data\raw\casting_data\casting_data\train\def_front\cast_def_0_8643.jpeg,1,train,3536,train
data\raw\casting_data\casting_data\train\def_front\cast_def_0_8640.jpeg,1,train,3537,test
data\raw\casting_data\casting_data\train\def_front\cast_def_0_6342.jpeg,1,train,3538,test
data\raw\casting_data\casting_data\train\def_front\cast_def_0_2710.jpeg,1,train,3539,train
data\raw\casting_data\casting_data\train\def_front\cast_def_0_5967.jpeg,1,train,3540,train
data\raw\casting_data\casting_data\train\def_front\cast_def_0_8068.jpeg,1,train,3541,train
data\raw\casting_data\casting_data\train\def_front\cast_def_0_8780.jpeg,1,train,3542,train
data\raw\casting_data\casting_data\train\def_front\cast_def_0_4915.jpeg,1,train,3543,train
data\raw\casting_data\casting_data\train\def_front\cast_def_0_6084.jpeg,1,train,3544,test
data\raw\casting_data\casting_data\train\def_front\cast_def_0_2826.jpeg,1,train,3545,train
data\raw\casting_data\casting_data\train\def_front\cast_def_0_3041.jpeg,1,train,3546,test
data\raw\casting_data\casting_data\train\def_front\cast_def_0_5084.jpeg,1,train,3547,train
data\raw\casting_data\casting_data\train\def_front\cast_def_0_8673.jpeg,1,train,3548,train
data\raw\casting_data\casting_data\train\def_front\cast_def_0_3857.jpeg,1,train,3549,train
data\raw\casting_data\casting_data\train\def_front\cast_def_0_997.jpeg,1,train,3550,train
data\raw\casting_data\casting_data\train\def_front\cast_def_0_687.jpeg,1,train,3551,train
data\raw\casting_data\casting_data\train\def_front\cast_def_0_5717.jpeg,1,train,3552,val
data\raw\casting_data\casting_data\train\def_front\cast_def_0_8532.jpeg,1,train,3553,train
data\raw\casting_data\casting_data\train\def_front\cast_def_0_7437.jpeg,1,train,3554,train
data\raw\casting_data\casting_data\test\def_front\cast_def_0_1238.jpeg,1,test,3555,test
data\raw\casting_data\casting_data\train\def_front\cast_def_0_4141.jpeg,1,train,3556,train
data\raw\casting_data\casting_data\train\def_front\cast_def_0_7458.jpeg,1,train,3557,test
data\raw\casting_data\casting_data\train\def_front\cast_def_0_9374.jpeg,1,train,3558,train
data\raw\casting_data\casting_data\train\def_front\cast_def_0_9027.jpeg,1,train,3559,train
data\raw\casting_data\casting_data\train\def_front\cast_def_0_1244.jpeg,1,train,3560,train
data\raw\casting_data\casting_data\train\def_front\cast_def_0_6629.jpeg,1,train,3561,train
data\raw\casting_data\casting_data\train\def_front\cast_def_0_4420.jpeg,1,train,3562,train
data\raw\casting_data\casting_data\train\def_front\cast_def_0_7415.jpeg,1,train,3563,train
